timestamps,playback_time,rounded_playback_time,quat_x,quat_y,quat_z,deg_roll,deg_pitch,deg_yaw,rad_roll,rad_pitch,rad_yaw,deg_inclination,deg_azimuth,rad_inclination,rad_azimuth,subtitle
1620643781.347,0.0,0.0,0.015130430459976196,0.00022447241644840688,0.059211958199739456,1.7323673963546753,359.9230041503906,6.788776397705078,0.030235514920590695,6.281841476093533,0.11848650032163363,89.92300415039064,353.2112236022949,1.569452495708843,6.1646988068579525,
1620643781.857,0.5100002288818359,0.5,-0.018362393602728844,0.019855886697769165,-0.1717216670513153,357.5350646972656,1.8796783685684204,340.1763610839844,6.240164070298229,0.03280657641003443,5.937197538368634,91.87967836856842,19.823638916015597,1.603602903204931,0.34598776881095183,
1620643782.358,1.011000156402588,1.0,-0.007281171157956123,0.010365244001150131,-0.24032580852508545,358.90447998046875,0.9523859024047852,332.17706298828125,6.264064875817254,0.016622269746540883,5.797583448750102,90.95238590240479,27.822937011718725,1.5874185965414374,0.4856018584294839,
1620643782.86,1.5130000114440918,1.5,0.04732044041156769,0.0881565511226654,-0.2829761803150177,2.3598268032073975,11.242685317993164,327.1859436035156,0.04118674749278137,0.1962218755646064,5.710471982125828,101.24268531799316,32.81405639648439,1.767018202359503,0.5727133250537584,
1620643783.348,2.001000165939331,2.0,0.042812004685401917,0.0732918381690979,-0.2949197292327881,2.2231719493865967,9.483434677124023,325.7508544921875,0.03880167035477684,0.1655171595136196,5.685424952073633,99.48343467712402,34.24914550781251,1.7363134863085161,0.5977603551059536,
1620643783.85,2.503000020980835,2.5,0.0032887770794332027,0.0337238684296608,-0.24982452392578125,359.39788818359375,3.836657762527466,331.0285949707031,6.272676473518134,0.066962310228303,5.777538900489511,93.83665776252747,28.971405029296893,1.6377586370231996,0.505646406690075,
1620643784.352,3.005000114440918,3.0,-0.016238797456026077,0.006040507461875677,-0.1945350170135498,358.0399475097656,0.31686657667160034,337.5560302734375,6.248975937713083,0.005530365052442481,5.89146413823314,90.3168665766716,22.443969726562475,1.576326691847339,0.3917211689464466,
1620643784.853,3.50600004196167,3.5,-0.015605857595801353,0.011651930399239063,-0.15321752429008484,358.0278625488281,1.0452501773834229,342.3517761230469,6.248765015354748,0.0182430571023955,5.975165693397676,91.04525017738342,17.648223876953114,1.589039383897292,0.30801961378191045,
1620643785.354,4.007000207901001,4.0,-0.023890694603323936,0.009479956701397896,-0.08493946492671967,357.1794128417969,0.8495318293571472,350.23077392578125,6.233956774429472,0.014827127522772841,6.11268014681279,90.84953182935715,9.769226074218723,1.5856234543176695,0.17050516036679664,
1620643785.855,4.508000135421753,4.5,-0.010348577983677387,0.02794657088816166,-0.01999358832836151,358.74884033203125,3.1782987117767334,357.67303466796875,6.261348451505373,0.05547177713239827,6.242572100555878,93.17829871177673,2.3269653320312242,1.6262681039272948,0.04061320662370793,
1620643786.349,5.002000093460083,5.0,-0.011651267297565937,0.025106940418481827,0.05750793591141701,358.8314208984375,2.949261426925659,6.5660080909729,6.262789754287324,0.0514743224019189,0.11459845990006448,92.94926142692566,353.4339919090271,1.6222706491968155,6.168586847279522,
1620643786.855,5.508000135421753,5.5,-0.00746171036735177,0.023818960413336754,0.09690453112125397,359.41302490234375,2.7997241020202637,11.111028671264648,6.2729406590982695,0.04886440372769523,0.1939240335970588,92.79972410202026,348.88897132873535,1.6196607305225919,6.089261273582528,<Info>
1620643787.357,6.010000228881836,6.0,-0.007296251133084297,0.030326608568429947,0.03189679980278015,359.27423095703125,3.5005598068237305,3.6353259086608887,6.270518247770734,0.06109629429205076,0.06344840648918715,93.50055980682373,356.3646740913391,1.6318926210869473,6.219736900690399,<Info>
1620643787.858,6.511000156402588,6.5,-0.010192068293690681,0.03354337811470032,-0.02908821776509285,358.7185363769531,3.8086297512054443,356.6216125488281,6.260819547712883,0.06647312914794748,6.224221322748578,93.80862975120544,3.3783874511718612,1.637269455942844,0.05896398443100814,<Info>
1620643788.36,7.013000011444092,7.0,-0.025679709389805794,0.023337872698903084,0.0625118836760521,357.2275085449219,2.8526101112365723,7.103288650512695,6.2347962028050645,0.04978743871675988,0.12397577467099133,92.85261011123657,352.8967113494873,1.6205837655116564,6.159209532508595,<Info>
1620643788.861,7.514000177383423,7.5,-0.033108923584222794,0.0025027759838849306,0.25009527802467346,356.3972473144531,1.2264755964279175,28.944053649902344,6.220305410681726,0.021406037353028363,0.505169035064678,91.22647559642792,331.05594635009766,1.5922023641479248,5.778016272114908,<Info>
1620643789.349,8.002000093460083,8.0,0.00781934056431055,-0.004647120367735624,0.4348750710487366,0.5753218531608582,359.13079833984375,51.5526237487793,0.01004126059633232,6.268014876346059,0.8997630224580208,89.13079833984375,308.4473762512207,1.5556258959613691,5.383422284721566,<Info>
1620643789.851,8.504000186920166,8.5,0.00723180640488863,-0.00908233504742384,0.582343339920044,0.06755951792001724,358.6712951660156,71.23580932617188,0.001179136028764412,6.259995033039394,1.2432994180645824,88.67129516601562,288.7641906738281,1.5476060526547046,5.039885889115004,<Info>
1620643790.353,9.00600004196167,9.0,0.014680723659694195,0.01840919628739357,0.6731058359146118,2.6644749641418457,0.4269569516181946,84.6533203125,0.04650386096123306,0.007451804570015627,1.4774791621985202,90.4269569516182,275.3466796875,1.5782481313649122,4.805706144981066,<Info>
1620643790.851,9.504000186920166,9.5,0.020360806956887245,-0.037778664380311966,0.6961240768432617,358.6537170410156,355.2680358886719,88.39185333251953,6.259688236881817,6.200596953350703,1.542728872592388,85.26803588867189,271.60814666748047,1.4882079729660136,4.740456434587198,in <Scene> <Info>
1620643791.355,10.008000135421753,10.0,0.027337227016687393,-0.04101474583148956,0.7089924812316895,358.8661804199219,354.4640197753906,90.50111389160156,6.263396422383644,6.186564224934857,1.5795424141308259,84.46401977539061,269.49888610839844,1.4741752445501675,4.703642893048761,in <Scene> <Info>
1620643791.856,10.509000062942505,10.5,0.02633977308869362,-0.03457919880747795,0.6929760575294495,359.424072265625,355.0506286621094,87.8614501953125,6.2731334719611915,6.196802481429558,1.533471591485218,85.05062866210939,272.1385498046875,1.4844135010448687,4.7497137156943685,in <Scene> <Info>
1620643792.358,11.011000156402588,11.0,0.020841330289840698,-0.03716859966516495,0.5927762985229492,359.3937683105469,355.1531066894531,72.81089782714844,6.272604568168702,6.198591060417655,1.2707898984169255,85.15310668945312,287.18910217285156,1.4862020800329656,5.012395408762661,in <Scene> <Info>
1620643792.859,11.51200008392334,11.5,0.016912713646888733,-0.04477522149682045,0.4789159893989563,359.23809814453125,354.56622314453125,57.337158203125,6.269887611224603,6.188348010232993,1.0007221943814069,84.56622314453126,302.662841796875,1.475959029848303,5.28246311279818,in <Scene> <Info>
1620643793.347,12.0,12.0,0.022243384271860123,-0.020371031016111374,0.34244292974472046,1.5966709852218628,356.93359375,40.027835845947266,0.02786716576318323,6.229666421913354,0.6986175279595895,86.93359375,319.97216415405273,1.5172774415286643,5.584567779219997,in <Scene> <Info>
1620643793.849,12.502000093460083,12.5,0.005414323415607214,-0.008065702393651009,0.15386295318603516,0.47088679671287537,358.99127197265625,17.69841194152832,0.008218525006808888,6.26557968184529,0.3088955607539513,88.99127197265624,342.3015880584717,1.5531907014606006,5.974289746425635,in <Scene> <Info>
1620643794.359,13.01200008392334,13.0,0.0009621653007343411,-0.002348389243707061,-0.014847931452095509,0.11424050480127335,359.7325744628906,358.2982177734375,0.00199387294792261,6.278517851053113,6.253483604174151,89.73257446289061,1.7017822265624811,1.5661288706684235,0.029701703005435398,<Info>
1620643794.849,13.502000093460083,13.5,-0.00744926743209362,-0.0012837816029787064,-0.17128720879554749,359.1841735839844,359.7088623046875,340.2761535644531,6.268946450095369,6.278103995819715,5.938939245721546,89.70886230468751,19.723846435546875,1.5657150154350257,0.3442460614580405,<Info>
1620643795.351,14.004000186920166,14.0,-0.005700963083654642,-2.0253781258361414e-05,-0.36947405338287354,359.393798828125,359.7564697265625,316.6341857910156,6.272605100800919,6.27893490207982,5.526309066424669,89.75646972656253,43.36581420898436,1.5665459216951305,0.7568762407549174,<Info>
1620643795.852,14.505000114440918,14.5,-0.09659959375858307,-0.05165085569024086,-0.6624475717544556,355.6210021972656,348.1976318359375,276.8642578125,6.206757377584275,6.077195123184137,4.8321928799185585,78.1976318359375,83.13574218749999,1.3648061427994476,1.4509924272610277,<Info>
1620643796.354,15.007000207901001,15.0,-0.0631248727440834,-0.03346860408782959,-0.7059884071350098,357.5875549316406,352.1664733886719,270.05322265625,6.241080197713216,6.146464475769316,4.71331789097291,82.16647338867188,89.94677734374999,1.4340754953846266,1.5698674162066766,<Info>
1620643796.856,15.509000062942505,15.5,-0.04732879623770714,-0.04729224741458893,-0.6486247777938843,359.3978271484375,352.3507995605469,278.94476318359375,6.272675408253698,6.149681574366133,4.868504548749571,82.3507995605469,81.05523681640624,1.437292593981443,1.4146807584300154,<Info>
1620643797.357,16.010000228881836,16.0,-0.02426287718117237,-0.03444013372063637,-0.5708921551704407,359.9732666015625,355.17108154296875,290.30535888671875,6.282718721356605,6.1989047807940665,5.0667843487570225,85.17108154296875,69.69464111328122,1.4865158004093768,1.2164009584225637,<Info>
1620643797.858,16.511000156402588,16.5,-0.025866670534014702,-0.06396212428808212,-0.30657529830932617,359.42767333984375,352.1081237792969,324.2453918457031,6.273196322562917,6.14544608296847,5.659149672126693,82.10812377929688,35.75460815429687,1.4330571025837804,0.6240356350528931,<Info>
1620643798.359,17.01200008392334,17.0,-0.020644044503569603,-0.027661791071295738,0.07049720734357834,357.4137878417969,357.00537109375,8.157532691955566,6.238047389863834,6.230919172890127,0.14237580431370098,87.00537109375,351.84246730804443,1.5185301925054375,6.140809502865885,<Info>
1620643798.848,17.50100016593933,17.5,0.01663564145565033,-0.026798207312822342,0.47820034623146057,0.2050594538450241,356.3907775878906,57.16046142578125,0.003578962631937017,6.220192492651506,0.9976382538390952,86.39077758789064,302.83953857421875,1.5078035122668165,5.285547053340491,<Info>
1620643799.346,17.999000072479248,18.0,-0.0022136447951197624,-0.002804259769618511,0.5628170967102051,359.6094665527344,359.8771667480469,68.50260162353516,6.276369212685638,6.281041462502072,1.1955959445127016,89.87716674804686,291.49739837646484,1.5686524821173826,5.087589362666884,<Info>
1620643799.861,18.514000177383423,18.5,-0.009188581258058548,0.003514633048325777,0.5979458093643188,359.3968200683594,0.952433705329895,73.4449691772461,6.272657831390503,0.016623104064976135,1.2818565311686951,90.9524337053299,286.5550308227539,1.5874194308598728,5.001328776010891,<Info>
1620643800.35,19.003000020980835,19.0,-0.005846597719937563,0.004547062795609236,0.6230728626251221,359.8006286621094,0.8250012993812561,77.08283996582031,6.279705620899289,0.014398989007434377,1.3453493541914379,90.82500129938126,282.9171600341797,1.5851953158023309,4.937835952988149,<Info>
1620643800.852,19.505000114440918,19.5,-0.0075026522390544415,0.001623073942027986,0.6671320796012878,359.4836120605469,0.7121233940124512,83.69202423095703,6.27417263741854,0.012428897905994146,1.4607013804890754,90.71212339401245,276.30797576904297,1.5832252247008907,4.822483926690511,<Info>
1620643801.353,20.00600004196167,20.0,-0.013354427181184292,-0.0018764083506539464,0.7033687233924866,358.76092529296875,0.9235939979553223,89.39613342285156,6.261559373863707,0.01611975621597815,1.560256866780908,90.92359399795532,270.60386657714844,1.5869160830108746,4.722928440398678,<Info>
1620643801.854,20.507000207901,20.5,-0.0094426479190588,-0.0010749843204393983,0.7707706093788147,359.21563720703125,0.7555591464042664,100.84736633300781,6.269495593912143,0.013186994798312323,1.7601185844758667,90.75555914640427,259.15263366699213,1.5839833215932089,4.523066722703719,<Info>
1620643802.356,21.009000062942505,21.0,-0.010904723778367043,0.016844775527715683,0.8215477466583252,0.8744454979896545,2.126926898956299,110.52954864501953,0.015261953069160927,0.03712187733602016,1.929104544598828,92.1269268989563,249.47045135498047,1.6079182041309168,4.354080762580758,<Info>
1620643802.857,21.510000228881836,21.5,-0.029752319678664207,0.013291196897625923,0.8714585900306702,359.6580810546875,3.719094753265381,121.3543472290039,6.277217695808937,0.06491044863812703,2.118032920754575,93.71909475326538,238.6456527709961,1.6357067754330237,4.165152386425011,<Info>
1620643803.358,22.011000156402588,22.0,-0.030106477439403534,0.006812775507569313,0.9002742171287537,359.20330810546875,3.446974277496338,128.4774169921875,6.269280410496065,0.06016105037386378,2.2423539409713817,93.44697427749634,231.52258300781247,1.6309573771687604,4.040831366208204,<Info>
1620643803.858,22.511000156402588,22.5,-0.03000970371067524,0.015618639066815376,0.9306173324584961,0.4133128821849823,3.8554086685180664,137.24362182617188,0.007213670635035356,0.0672895752755709,2.395353078228652,93.85540866851807,222.75637817382812,1.6380859020704674,3.887832228950934,<Info>
1620643804.361,23.014000177383423,23.0,-0.019461560994386673,0.02903159148991108,0.9479104280471802,2.451892137527466,3.168882131576538,143.12796020507812,0.042793590703615894,0.055307426803626755,2.4980541572420316,93.16888213157654,216.87203979492188,1.6261037535985232,3.7851311499375546,<Info>
1620643804.849,23.502000093460083,23.5,-0.02386937104165554,0.018769988790154457,0.9730140566825867,1.4695736169815063,3.155000686645508,153.58236694335938,0.02564889821676934,0.055065149884646,2.6805179761677205,93.15500068664551,206.41763305664062,1.6258614766795425,3.6026673310118658,<Info>
1620643805.351,24.004000186920166,24.0,0.02188335917890072,-0.018359215930104256,-0.9858177900314331,1.6615296602249146,2.8211324214935303,160.99554443359375,0.028999163190467428,0.04923804938982255,2.80990233140704,92.82113242149353,199.00445556640625,1.6200343761847191,3.473282975772546,<Info>
1620643805.85,24.503000020980835,24.5,-0.025468382984399796,-0.0334455780684948,-0.9988967776298523,3.8971974849700928,357.1637878417969,177.50331115722656,0.06801892771317035,6.233684066733847,3.0980172128855896,87.16378784179686,182.49668884277344,1.5212950863491574,3.1851680942939966,
1620643806.352,25.005000114440918,25.0,-0.029801268130540848,-0.031823787838220596,-0.9989869594573975,3.690021276473999,356.6271667480469,178.61363220214844,0.06440302074311526,6.224318261812257,3.1173959708736603,86.62716674804686,181.38636779785156,1.5119292814275669,3.165789336305926,
1620643806.853,25.50600004196167,25.5,0.008611919358372688,0.007106308359652758,0.9749947786331177,1.013136863708496,359.2185363769531,154.34463500976562,0.017682574045042306,6.269546193972855,2.6938220637093204,89.21853637695314,205.65536499023438,1.557157213588165,3.589363243470266,
1620643807.355,26.008000135421753,26.0,-0.0020366236567497253,-0.028004983440041542,0.9039775133132935,356.9974670410156,358.8417053222656,129.4978790283203,6.230781221145661,6.262969251344795,2.2601643633935047,88.84170532226562,230.50212097167966,1.550580270960105,4.023020943786081,
1620643807.856,26.509000062942505,26.5,-0.01802978105843067,-0.02232862077653408,0.8260949850082397,356.7216796875,0.2667439579963684,111.46095275878906,6.225967823791452,0.004655560326838086,1.9453606130507262,90.26674395799637,248.53904724121097,1.5754518871217347,4.3378246941288605,
1620643808.357,27.010000228881836,27.0,-0.02802211046218872,-0.0023034061305224895,0.7652533650398254,357.7304992675781,2.288160562515259,99.86763763427734,6.243575047022402,0.03993593563017681,1.7430190929067404,92.28816056251526,260.13236236572266,1.6107322624250733,4.540166214272846,
1620643808.857,27.510000228881836,27.5,-0.05823545157909393,0.04717591032385826,0.6976550817489624,359.00567626953125,8.538993835449219,88.71925354003906,6.265831084252194,0.14903355723608777,1.5484430841853165,98.53899383544922,271.28074645996094,1.7198298840309842,4.73474222299427,on <Scene>
1620643809.36,28.013000011444092,28.0,-0.06439002603292465,0.05798337608575821,0.6705748438835144,359.00445556640625,9.892304420471191,84.52839660644531,6.265809778963473,0.17265328274681185,1.4752988322140723,99.89230442047119,275.4716033935547,1.7434496095417085,4.807886474965514,on <Scene>
1620643809.86,28.513000011444092,28.5,-0.06800322234630585,0.05775308609008789,0.6542781591415405,358.4537353515625,10.121030807495117,81.99048614501953,6.2561978979571595,0.17664531128657018,1.4310039385413837,100.12103080749512,278.00951385498047,1.7474416380814668,4.8521813686382025,on <Scene>
1620643810.348,29.00100016593933,29.0,-0.12508688867092133,0.13560231029987335,0.6463918685913086,359.390380859375,21.25387954711914,82.132080078125,6.272545445992502,0.37095017691951027,1.433475218874923,111.25387954711914,277.867919921875,1.9417465037144068,4.849710088304663,on <Scene>
1620643810.843,29.496000051498413,29.5,-0.19858580827713013,0.2285950928926468,0.6304659843444824,0.3071320950984955,35.251380920410156,82.92987823486328,0.0053604662980170845,0.6152526629358663,1.4473994234763476,125.25138092041014,277.07012176513666,2.1860489897307627,4.835785883703238,<Scene> <Info>
1620643811.349,30.002000093460083,30.0,-0.19148217141628265,0.2394363284111023,0.6064900159835815,0.6694020628929138,35.701812744140625,79.37847900390625,0.011683270017123505,0.6231141813157258,1.385415813843353,125.70181274414062,280.62152099609375,2.1939105081106223,4.8977694933362335,<Scene> <Info>
1620643811.85,30.503000020980835,30.5,-0.11267569661140442,0.14312700927257538,0.6448748707771301,1.0632613897323608,20.965112686157227,82.16462707519531,0.018557412060160327,0.3659102444250762,1.4340432711354367,110.96511268615723,277.8353729248047,1.9367065712199727,4.8491420360441495,<Scene> <Info>
1620643812.352,31.005000114440918,31.0,-0.02870553731918335,0.024319719523191452,0.6834393739700317,359.505126953125,4.283810615539551,86.28352355957031,6.274548143132241,0.07476659977305013,1.5059315763365997,94.28381061553955,273.71647644042963,1.6455629265679468,4.777253730842986,<Scene> <Info>
1620643812.853,31.50600004196167,31.5,0.019488373771309853,-0.02006080001592636,0.7576233148574829,359.71417236328125,356.8074035644531,98.5702896118164,6.27819667382565,6.227463987691858,1.7203760983705596,86.80740356445312,261.4297103881836,1.5150750073071686,4.562809208809027,<Scene> <Info>
1620643813.354,32.007000207901,32.0,0.008104057051241398,-0.006079417187720537,0.8674495816230774,359.85760498046875,358.84783935546875,120.33890533447266,6.280700045250325,6.263076310420616,2.100310116332316,88.84783935546876,239.66109466552732,1.5506873300359265,4.18287519084727,<Scene> <Info>
1620643813.856,32.509000062942505,32.5,-0.0009270811569876969,0.01778048276901245,0.9253154397010803,1.8456157445907593,0.8700968027114868,135.4903106689453,0.03221207146975547,0.01518605401839097,2.3647520257230963,90.87009680271149,224.5096893310547,1.5859823808132876,3.91843328145649,<Scene> <Info>
1620643814.357,33.010000228881836,33.0,-0.0016431482508778572,0.012851055711507797,0.939721405506134,1.3197263479232788,0.6801456212997437,140.0438995361328,0.023033569996581446,0.011870780484703001,2.444227144237677,90.68014562129974,219.9561004638672,1.5826671072795995,3.838958162941909,<Scene> <Info>
1620643814.843,33.49600005149841,33.5,-0.020885124802589417,-0.007724508177489042,0.857136607170105,358.008544921875,1.5960445404052734,118.01274871826172,6.248427859160744,0.027856232238551694,2.059711024462385,91.59604454040527,241.98725128173828,1.5986525590334482,4.223474282717201,<Scene> <Info>
1620643815.358,34.01100015640259,34.0,-0.045118290930986404,-0.011582148261368275,0.8024272322654724,355.8483581542969,3.3610167503356934,106.77079010009766,6.210725487608492,0.05866080850803808,1.8635018322024701,93.3610167503357,253.22920989990234,1.6294571353029346,4.419683474977116,<Info>
1620643815.847,34.5,34.5,-0.04951315373182297,-0.013648953288793564,0.6562247276306152,354.6894836425781,2.5466744899749756,82.03880310058594,6.190499311761559,0.04444785482661065,1.4318472285005575,92.54667448997498,277.96119689941406,1.6152441816215073,4.851338078679029,<Info>
1620643816.347,35.0,35.0,-0.05048868805170059,0.024768447503447533,0.5634288787841797,356.8135070800781,5.6081390380859375,68.5543212890625,6.227570514135461,0.09788049112422728,1.1964986229641839,95.60813903808594,291.4456787109375,1.6686768179191238,5.086686684215403,<Info>
1620643816.849,35.50200009346008,35.5,-0.04488787427544594,0.06599455326795578,0.4804188907146454,359.1295471191406,9.11457633972168,57.55713653564453,6.267993038425121,0.15907936705251655,1.0045615405669197,99.11457633972168,302.44286346435547,1.7298756938474131,5.278623766612666,<Info>
1620643817.351,36.004000186920166,36.0,-0.03060307167470455,0.06440024822950363,0.40835756063461304,359.82037353515625,8.175559043884277,48.3214111328125,6.280050233944345,0.14269042350698022,0.8433677234774211,98.17555904388428,311.6785888671875,1.7134867503018767,5.439817583702165,<Info>
1620643817.852,36.50500011444092,36.5,-0.03066028654575348,0.06577356159687042,0.32561951875686646,359.1330261230469,8.278115272521973,38.04782485961914,6.268053758497974,0.1444803673651361,0.6640598170225033,98.27811527252197,321.95217514038086,1.7152766941600326,5.619125490157083,<Info>
1620643818.354,37.007000207901,37.0,-0.03216325491666794,0.07580828666687012,0.3061393201351166,359.1524658203125,9.409457206726074,35.70929718017578,6.26839304522085,0.16422600908287874,0.6232448093671942,99.40945720672607,324.2907028198242,1.7350223358777752,5.659940497812392,<Info>
1620643818.853,37.50600004196167,37.5,-0.10901619493961334,0.18499751389026642,0.45118916034698486,358.61651611328125,24.763093948364258,54.7242431640625,6.259038958208056,0.432197522379639,0.9551182238748901,114.76309394836426,305.2757568359375,2.0029938491745356,5.328067083304696,<Info>
1620643819.355,38.00800013542175,38.0,-0.10601440072059631,0.15782029926776886,0.6150104403495789,1.967294692993164,21.83565902709961,77.95487976074219,0.03433576974974173,0.3811041443657099,1.3605693198212405,111.83565902709961,282.0451202392578,1.9519004711606065,4.922615987358346,<Info>
1620643819.857,38.510000228881836,38.5,-0.1099153682589531,0.13126206398010254,0.6862792372703552,1.5070158243179321,19.660367965698242,88.56504821777344,0.026302388014004346,0.3431381531550539,1.5457516935876825,109.66036796569824,271.43495178222656,1.9139344799499505,4.737433613591904,<Info>
1620643820.358,39.01100015640259,39.0,-0.0952172800898552,0.13861432671546936,0.6570430994033813,2.561681032180786,19.198808670043945,84.03379821777344,0.044709768397441535,0.3350824237527005,1.4666664618566894,109.19880867004395,275.96620178222656,1.905878750547597,4.816518845322896,<Info>
1620643820.846,39.49900007247925,39.5,-0.08595795184373856,0.1312524825334549,0.621196448802948,1.8718234300613403,17.959331512451172,78.2465591430664,0.03266948187054419,0.3134494663494459,1.3656600854029817,107.95933151245117,281.7534408569336,1.8842457931443426,4.917525221776605,<Info>
1620643821.348,40.00100016593933,40.0,-0.06630675494670868,0.14385490119457245,0.5558003187179565,3.1147327423095703,17.9689998626709,69.00674438476562,0.054362341672974095,0.3136182108940161,1.2043948955962689,107.9689998626709,290.9932556152344,1.8844145376889125,5.078790411583317,<Info>
1620643821.849,40.50200009346008,40.5,-0.03682727739214897,0.14973430335521698,0.43381375074386597,3.87595272064209,17.325132369995117,52.67919921875,0.06764813662683646,0.3023806032002632,0.9194254736812121,107.32513236999512,307.32080078125,1.8731769299951597,5.363759833498374,<Info>
1620643822.351,41.004000186920166,41.0,-0.050600796937942505,0.10038268566131592,-0.12147550284862518,352.73883056640625,10.702118873596191,345.27496337890625,6.156453993018204,0.18678721128408038,6.02618493566476,100.70211887359619,14.725036621093746,1.7575835380789768,0.2570003715148266,<Info>
1620643822.852,41.50500011444092,41.5,-0.07722530514001846,0.028013871982693672,-0.3107237219810486,350.5801696777344,0.2901267409324646,323.643310546875,6.118778253076853,0.005063666877352111,5.648641371097458,90.29012674093246,36.356689453125014,1.5758599936722486,0.6345439360821281,<Info>
1620643823.353,42.00600004196167,42.0,-0.04150781035423279,-0.0004790927341673523,-0.4070330858230591,355.675537109375,358.01348876953125,311.9937744140625,6.207709191357869,6.248514145580063,5.445318609249833,88.01348876953126,48.006225585937486,1.5361251651953731,0.8378666979297531,<Info>
1620643823.854,42.507000207901,42.5,-0.01209308672696352,-0.034582655876874924,-0.5238772630691528,0.8991087079048157,355.8981018066406,296.7350769042969,0.015692407286291,6.211593678123858,5.179004098138563,85.89810180664062,63.26492309570313,1.4992046977391684,1.1041812090410232,<Info>
1620643824.355,43.00800013542175,43.0,-0.017595157027244568,-0.019404280930757523,-0.34517917037010193,358.8745422363281,357.21685791015625,319.6274108886719,6.26354236361138,6.234610314160977,5.578550699632099,87.21685791015626,40.37258911132813,1.5222213337762875,0.7046346075474874,<Info>
1620643824.856,43.509000062942505,43.5,-0.03792863339185715,0.09291411191225052,0.23724322021007538,358.2924499511719,11.393939971923828,27.41944694519043,6.253382936684946,0.19886176728466107,0.4785596282694742,101.39393997192383,332.58055305480957,1.7696580940795577,5.804625678910112,<Info>
1620643825.358,44.01100015640259,44.0,-0.04308079928159714,0.11356773227453232,0.3951648771762848,0.6672148704528809,13.937599182128906,47.002037048339844,0.0116450963076702,0.24325699555141822,0.8203403016378874,103.9375991821289,312.99796295166016,1.814053322346315,5.462845005541698,<Info>
1620643825.856,44.509000062942505,44.5,-0.060124434530735016,0.1102137342095375,0.5002558827400208,0.42888566851615906,14.418436050415039,60.61682891845703,0.007485467030223959,0.25164918206798953,1.0579632467451885,104.41843605041504,299.38317108154297,1.8224455088628861,5.2252220604343975,<Scene> <Info>
1620643826.358,45.01100015640259,45.0,-0.07070687413215637,0.11333286017179489,0.5862039923667908,1.1805615425109863,15.308745384216309,72.68644714355469,0.020604685939239715,0.26718801130405895,1.2686178242318567,105.30874538421631,287.3135528564453,1.8379843380989556,5.014567482947729,<Scene> <Info>
1620643826.847,45.5,45.5,-0.07892454415559769,0.08760551363229752,0.6942351460456848,0.5634592175483704,13.531999588012695,88.77851104736328,0.009834218546930075,0.23617794718933774,1.5494773227946488,103.5319995880127,271.22148895263666,1.8069742739842343,4.733707984384937,<Scene> <Info>
1620643827.349,46.00200009346008,46.0,-0.07895809412002563,0.07514102011919022,0.7679585218429565,0.9237332344055176,12.48151683807373,101.26995086669922,0.016122186350472845,0.21784356446749853,1.7674940759567865,102.48151683807373,258.7300491333008,1.788639891262395,4.5156912312227995,<Scene> <Info>
1620643827.85,46.503000020980835,46.5,-0.06322437524795532,0.06017877906560898,0.8231461048126221,1.6358697414398193,9.88179874420166,111.58242797851562,0.028551313121873173,0.1724699241057599,1.9474807555945381,99.88179874420166,248.41757202148435,1.7432662509006565,4.335704551585048,<Scene> <Info>
1620643828.351,47.004000186920166,47.0,-0.11745814234018326,0.049465835094451904,0.6646236777305603,353.6774597167969,13.236275672912598,83.4134292602539,6.172836162147717,0.23101659119395285,1.4558389809708088,103.2362756729126,276.5865707397461,1.8018129179888493,4.827346326208778,<Scene> <Info>
1620643828.853,47.50600004196167,47.5,-0.12754479050636292,0.09975763410329819,0.6270458698272705,355.8192443847656,18.17841339111328,78.23484802246094,6.210217356472505,0.31727316646355447,1.365455687789318,108.17841339111328,281.76515197753906,1.888069493258451,4.917729619390268,<Scene> <Info>
1620643829.351,48.004000186920166,48.0,-0.12940020859241486,0.0932382196187973,0.6332130432128906,355.3062744140625,17.764589309692383,79.06221771240234,6.201264341519877,0.3100505737187187,1.3798960130100002,107.76458930969238,280.9377822875976,1.8808469005136152,4.903289294169586,<Info>
1620643829.853,48.50600004196167,48.5,-0.12620031833648682,0.09498286992311478,0.639798641204834,355.8882751464844,17.72001075744629,80.13053131103516,6.211422170549657,0.30927253120625203,1.398541602749972,107.72001075744629,279.8694686889648,1.8800688580011486,4.884643704429614,<Info>
1620643830.355,49.00800013542175,49.0,-0.12557390332221985,0.094648577272892,0.6403264403343201,355.93157958984375,17.646099090576172,80.2093505859375,6.2121779756670215,0.30798252926373126,1.3999172586110524,107.64609909057617,279.79064941406244,1.8787788560586278,4.883268048568533,<Info>
1620643830.856,49.509000062942505,49.5,-0.12552320957183838,0.0943608283996582,0.6407020688056946,355.9230041503906,17.61872673034668,80.2629165649414,6.212028306013759,0.3075047914536847,1.4008521613117246,107.61872673034668,279.7370834350586,1.8783011182485811,4.882333145867862,<Info>
1620643831.357,50.010000228881836,50.0,-0.12480248510837555,0.083877794444561,0.6578328609466553,355.576904296875,16.738380432128906,82.77478790283203,6.205987724029241,0.2921398499920407,1.4446925865443911,106.7383804321289,277.2252120971679,1.8629361767869372,4.838492720635195,<Info>
1620643831.845,50.498000144958496,50.5,-0.11430812627077103,0.0738493949174881,0.6879414916038513,356.3533935546875,15.222494125366211,87.4716796875,6.2195400181844365,0.26568264285313486,1.5266688127967196,105.22249412536621,272.5283203125,1.8364789696480315,4.756516494382867,<Info>
1620643832.347,51.0,51.0,-0.11532600224018097,0.05509905517101288,0.7197666168212891,355.3859558105469,13.95792007446289,92.49222564697266,6.202655044241117,0.24361166202958953,1.6142938700372154,103.95792007446289,267.50777435302734,1.8144079888244862,4.668891437142371,<Info>
1620643832.847,51.5,51.5,-0.09733934700489044,0.034554481506347656,0.794205904006958,356.39324951171875,11.303018569946289,105.61273956298828,6.220235635861165,0.19727488945962374,1.8432900374254226,101.30301856994629,254.38726043701172,1.7680712162545202,4.439895269754164,<Info>
1620643833.347,52.0,52.0,-0.027537032961845398,0.08532541990280151,0.948950469493866,8.39948844909668,5.962052822113037,145.0858612060547,0.1465987289199692,0.10405745192369228,2.5322259761371653,95.96205282211304,214.9141387939453,1.6748537787185889,3.750959331042421,<Info>
1620643833.849,52.50200009346008,52.5,0.05299679934978485,-0.050677500665187836,-0.9892424941062927,5.017256736755371,6.758391380310059,165.7130126953125,0.08756764947424762,0.11795618172481478,2.892237684932366,96.75839138031006,194.2869873046875,1.6887525085197113,3.39094762224722,<Info>
1620643834.35,53.003000020980835,53.0,0.06620141863822937,-0.04386970028281212,-0.9965917468070984,5.230794906616211,7.46925163269043,182.90650939941406,0.0912945936170022,0.13036303365041013,3.1923208123497315,97.46925163269043,177.09349060058594,1.7011593604453066,3.0908644948298547,<Info>
1620643834.852,53.50500011444092,53.5,0.05188741907477379,-0.019841095432639122,-0.996277391910553,2.6716716289520264,5.783666133880615,187.70602416992188,0.046629466457333124,0.1009440168723079,3.276088147593193,95.78366613388062,172.29397583007812,1.6717403436672045,3.0070971595863933,<Info>
1620643835.353,54.00600004196167,54.0,0.04579882323741913,-0.037339504808187485,-0.9981527924537659,4.3670477867126465,5.185142993927002,181.81820678710938,0.07621936247006676,0.09049781743074253,3.173326348506959,95.185142993927,178.18179321289062,1.661294144225639,3.109858958672627,<Info>
1620643835.855,54.50800013542175,54.5,0.04314573481678963,-0.03312139958143234,-0.9801434874534607,2.7916271686553955,5.578498363494873,158.1177520751953,0.04872308558116369,0.09736316376010098,2.759675379564255,95.57849836349487,201.8822479248047,1.6681594905549975,3.5235099276153314,<Info>
1620643836.356,55.009000062942505,55.0,-0.04979405924677849,0.006420725025236607,0.8616234660148621,357.74188232421875,5.295544147491455,119.1403579711914,6.243773718839722,0.0924246810584421,2.0793915186019616,95.29554414749146,240.8596420288086,1.6632210078533387,4.203793788577625,<Info>
1620643836.857,55.510000228881836,55.5,-0.07557323575019836,0.03704971447587013,0.7361925840377808,357.2735900878906,9.266804695129395,95.03999328613281,6.235600477454269,0.16173625306927727,1.6587608039163229,99.2668046951294,264.9600067138672,1.7325325798641737,4.624424503263263,<Info>
1620643837.346,55.99900007247925,56.0,-0.08179886639118195,0.045561496168375015,0.7097533345222473,357.1128234863281,10.354389190673828,90.67863464355469,6.232794570929761,0.18071818341016924,1.582640735743024,100.35438919067383,269.3213653564453,1.7515145102050658,4.700544571436562,<Info>
1620643837.854,56.507000207901,56.5,-0.08776600658893585,0.06458649039268494,0.732864499092102,358.63751220703125,12.438568115234375,94.84768676757812,6.259405409174051,0.21709396784442528,1.655404421994496,102.43856811523438,265.1523132324219,1.7878902946393218,4.62778088518509,<Info>
1620643838.346,56.99900007247925,57.0,-0.09485204517841339,0.05136825516819954,0.7905821800231934,358.0574035644531,12.233970642089844,105.144287109375,6.249280603341788,0.21352306829679255,1.835113999720825,102.23397064208984,254.855712890625,1.7843193950916891,4.448071307458761,<Info>
1620643838.848,57.50100016593933,57.5,-0.06338296085596085,0.050346843898296356,0.9074511528015137,2.2694478034973145,9.006617546081543,131.31089782714844,0.03960933637318142,0.15719513064701504,2.2918075108336082,99.00661754608154,228.68910217285156,1.7279914574419115,3.991377796345978,<Info>
1620643839.349,58.00200009346008,58.0,-0.059475064277648926,0.020695466548204422,0.9618945121765137,0.47152847051620483,7.2056097984313965,149.10568237304688,0.00822972432740078,0.1257616155965928,2.60238509084254,97.2056097984314,210.8943176269531,1.6965579423914894,3.680800216337046,<Info>
1620643839.851,58.504000186920166,58.5,0.06423407793045044,-0.040573492646217346,-0.9792916178703308,3.20550274848938,8.107782363891602,158.531494140625,0.05594657714286737,0.14150749728503745,2.766896540860005,98.1077823638916,201.468505859375,1.712303824079934,3.5162887663195814,<Info>
1620643840.352,59.00500011444092,59.0,0.0670347735285759,-0.005641414783895016,-0.9977343678474426,0.6571651697158813,7.686727523803711,180.1376190185547,0.011469695940969459,0.13415870399404556,3.1439945585769355,97.68672752380371,179.8623809814453,1.704955030788942,3.1391907486026507,<Info>
1620643840.854,59.507000207901,59.5,0.062419481575489044,0.005687566474080086,-0.9862808585166931,0.453063428401947,7.1728692054748535,197.6316680908203,0.007907448545987567,0.12519018445044586,3.44932331439343,97.17286920547485,162.3683319091797,1.6959865112453425,2.833861992786156,<Info>
1620643841.355,60.00800013542175,60.0,0.07728800922632217,0.012606147676706314,-0.9935271143913269,357.8101806640625,8.713907241821289,170.36361694335938,6.244965749743641,0.15208637208315923,2.973406041268019,98.71390724182129,189.63638305664062,1.7228826988780557,3.3097792659115672,<Info>
1620643841.855,60.50800013542175,60.5,-0.12390013784170151,0.05364726483821869,0.9546608924865723,2.1803293228149414,15.368876457214355,149.2311248779297,0.03805392546089905,0.26823749651063195,2.6045744755746942,105.36887645721436,210.76887512207028,1.8390338233055286,3.678610831604892,<Info>
1620643842.356,61.009000062942505,61.0,-0.1107838824391365,0.036557793617248535,0.9000815153121948,358.39794921875,13.304372787475586,129.8028106689453,6.255224246262626,0.2322051100541848,2.265486424515919,103.30437278747559,230.19718933105472,1.8030014368490814,4.017698882663668,<Info>
1620643842.857,61.510000228881836,61.5,-0.10641124844551086,0.07216586172580719,0.8047153949737549,359.5733947753906,14.768369674682617,108.4205093383789,6.275739641403943,0.25775667597489554,1.8922948646439708,104.76836967468262,251.57949066162112,1.828553002769792,4.390890442535616,<Info>
1620643843.346,61.99900007247925,62.0,-0.09382124245166779,0.08898415416479111,0.6862327456474304,359.2776794433594,14.842062950134277,87.48998260498047,6.27057843521137,0.25904286626810613,1.5269882589694745,104.84206295013428,272.51001739501953,1.8298391930630027,4.756197048210112,<Info>
1620643843.847,62.5,62.5,-0.0878324806690216,0.09559019654989243,0.5469242930412292,357.5867614746094,14.72573471069336,66.64067840576172,6.241066349275547,0.25701255547681373,1.1630992539432277,104.72573471069336,293.3593215942383,1.8278088822717102,5.120086053236358,<Info>
1620643844.348,63.00100016593933,63.0,-0.057578202337026596,0.11547548323869705,0.4198324680328369,359.6151123046875,14.822693824768066,50.045230865478516,6.27646774964597,0.25870481125723416,0.8734540535232915,104.82269382476807,309.9547691345215,1.8295011380521307,5.409731253656295,<Info>
1620643844.85,63.503000020980835,63.5,-0.03527737781405449,0.12717066705226898,0.2656620740890503,0.011262563057243824,15.167234420776367,31.09282112121582,0.00019656880756238333,0.2647181790643626,0.542672102298851,105.16723442077637,328.9071788787842,1.8355145058592592,5.7405132048807355,<Info>
1620643845.352,64.00500011444092,64.0,-0.023303311318159103,0.1280951052904129,0.16673651337623596,359.83184814453125,14.961091041564941,19.340551376342773,6.280250503658319,0.26112029836593603,0.33755630066830233,104.96109104156494,340.6594486236572,1.8319166251608325,5.945629006511284,<Info>
1620643845.853,64.50600004196167,64.5,0.013025053776800632,0.14489534497261047,0.019755857065320015,1.8834853172302246,16.626758575439453,2.5635948181152344,0.032873020198637304,0.29019168107562043,0.044743170263176014,106.62675857543945,357.43640518188477,1.860988007870517,6.23844213691641,<Info>
1620643846.355,65.00800013542175,65.0,0.03046766296029091,0.13639752566814423,-0.12846234440803528,1.477386713027954,16.001516342163086,345.2990417480469,0.025785262467554405,0.2792791454824254,6.026605182484774,106.00151634216309,14.700958251953134,1.850075472277322,0.2565801246948123,<Info>
1620643846.855,65.50800013542175,65.5,0.05750240385532379,0.12800292670726776,-0.2858273386955261,2.1370019912719727,15.994949340820312,326.741943359375,0.03729772086937105,0.2791645296870111,5.7027227159859155,105.99494934082031,33.258056640625,1.8499608564819077,0.5804625911936707,<Info>
1620643847.342,65.99500012397766,66.0,0.04796159267425537,0.12606817483901978,-0.3915586471557617,359.3212585449219,15.489241600036621,313.35455322265625,6.271339034018696,0.2703382645575137,5.469068679851159,105.48924160003662,46.64544677734376,1.8411345913524102,0.8141166273284268,<Info>
1620643847.857,66.51000022888184,66.5,0.007008989807218313,0.10260013490915298,-0.45618388056755066,355.2568359375,10.823028564453125,304.9548034667969,6.200401477326691,0.18889748348710236,5.322465390267824,100.82302856445312,55.04519653320312,1.759693810281999,0.9607199169117626,<Info>
1620643848.346,66.99900007247925,67.0,0.031000498682260513,0.10716415196657181,-0.39972877502441406,358.2810363769531,12.696328163146973,312.3722229003906,6.253183732235407,0.22159272936059846,5.451923781385448,102.69632816314697,47.627777099609354,1.792389056155495,0.8312615257941385,<Info>
1620643848.847,67.5,67.5,0.08651212602853775,0.02989927865564823,-0.11481785029172897,9.485505104064941,4.532045364379883,347.1341247558594,0.1655532952806606,0.0790991134581751,6.058633423018503,94.53204536437988,12.865875244140613,1.6498954402530717,0.22455188416108296,<Info>
1620643849.348,68.00100016593933,68.0,0.09001584351062775,0.020992876961827278,0.1509353369474411,10.576316833496094,0.8107494711875916,17.512542724609375,0.18459155147860773,0.014150247681026374,0.3056515309406122,90.81074947118759,342.4874572753906,1.584946574475923,5.977533776238974,<Info>
1620643849.849,68.50200009346008,68.5,0.05207793414592743,0.02577913925051689,0.25991323590278625,6.535787105560303,1.2964050769805908,30.256065368652344,0.11407100420141747,0.02262653703288186,0.5280679593816153,91.29640507698059,329.74393463134766,1.5934228638277783,5.755117347797971,<Info>
1620643850.351,69.00400018692017,69.0,0.05796359106898308,0.03385096415877342,0.33201536536216736,7.561700820922852,1.4445773363113403,38.96895217895508,0.13197657637586188,0.025212630818322326,0.6801365215749846,91.44457733631134,321.0310478210449,1.5960089576132188,5.603048785604601,<Info>
1620643850.852,69.50500011444092,69.5,0.028321800753474236,0.03459673747420311,0.42669686675071716,4.631649494171143,2.196803092956543,50.659210205078125,0.08083753347161635,0.03834144699008673,0.8841700145385251,92.19680309295654,309.3407897949219,1.6091377737849832,5.399015292641061,<Info>
1620643851.353,70.00600004196167,70.0,-0.0014692430850118399,0.033577825874090195,0.5424509048461914,1.9495351314544678,3.323038101196289,65.79967498779297,0.034025806927180935,0.05799795603509576,1.148420975279147,93.32303810119629,294.20032501220703,1.6287942828299924,5.134764331900439,<Info>
1620643851.855,70.50800013542175,70.5,-0.03257186710834503,0.023961348459124565,0.6392379403114319,358.8853759765625,4.499152183532715,79.50423431396484,6.263731448048776,0.07852501915093808,1.3876106580557417,94.49915218353271,280.49576568603516,1.6493213459458347,4.895574649123844,<Info>
1620643852.355,71.00800013542175,71.0,-0.02999255247414112,0.025869833305478096,0.6421594619750977,359.2702941894531,4.4810380935668945,79.95292663574219,6.270449538214609,0.07820886864003204,1.3954418163991742,94.4810380935669,280.0470733642578,1.6490051954349285,4.887743490780412,<Info>
1620643852.857,71.51000022888184,71.5,-0.029129937291145325,0.025741852819919586,0.6410719156265259,359.3304443359375,4.405273914337158,79.7902603149414,6.271499356316319,0.07688653425740205,1.3926027535190952,94.40527391433716,280.2097396850586,1.6476828610522987,4.890582553660491,<Info>
1620643853.358,72.01100015640259,72.0,-0.029839327558875084,0.02591751702129841,0.6354372501373291,359.24810791015625,4.467530727386475,78.94927978515625,6.270062314592112,0.07797312062691118,1.377924874329178,94.46753072738647,281.05072021484375,1.6487694474218078,4.905260432850408,<Info>
1620643853.846,72.49900007247925,72.5,-0.036108531057834625,0.022571878507733345,0.5303499698638916,357.8615417480469,4.388789176940918,64.0413589477539,6.2458621697665615,0.07659882131351102,1.117732571089837,94.38878917694092,295.9586410522461,1.6473951481084075,5.165452736089749,<Info>
1620643854.347,73.0,73.0,-0.02951662614941597,0.026085225865244865,0.5212395191192627,358.67071533203125,4.315346717834473,62.83515167236328,6.259984913027252,0.07531700859134226,1.0966802826727604,94.31534671783447,297.1648483276367,1.6461133353862387,5.186505024506825,<Info>
1620643854.848,73.50100016593933,73.5,-0.016634272411465645,0.03763199970126152,0.46530085802078247,0.3222017288208008,4.705144882202148,55.52368927001953,0.005623481023540881,0.08212026997778824,0.9690711906160877,94.70514488220215,304.47631072998047,1.6529165967726849,5.314114116563498,<Info>
1620643855.348,74.00100016593933,74.0,-0.02850019559264183,0.047787923365831375,0.5020788908004761,359.9304504394531,6.378933429718018,60.3746452331543,6.281971438354728,0.11133339111411371,1.053736344042042,96.37893342971802,299.6253547668457,1.6821297179090102,5.2294489631375445,
1620643855.851,74.50400018692017,74.5,-0.03403886780142784,0.04322681948542595,0.5014015436172485,359.1103515625,6.245214939117432,60.23776626586914,6.267658012759989,0.10899956318233639,1.0513473553861865,96.24521493911743,299.76223373413086,1.679795889977233,5.2318379517934,
1620643856.35,75.00300002098083,75.0,-0.018963132053613663,0.047453343868255615,0.4899180233478546,0.7769556045532227,5.8068461418151855,58.794063568115234,0.013560433441276783,0.10134858433140456,1.0261499898904562,95.80684614181519,301.20593643188477,1.6721449111263011,5.25703531728913,<Info>
1620643856.853,75.50600004196167,75.5,-0.02054234966635704,0.0464777797460556,0.4889274537563324,0.5569203495979309,5.798898220062256,58.65153121948242,0.009720093771841772,0.10120986692812506,1.0236623311162132,95.79889822006226,301.3484687805176,1.6720061937230217,5.259522976063373,<Info>
1620643857.354,76.007000207901,76.0,-0.021181976422667503,0.04709511250257492,0.48824942111968994,0.5231303572654724,5.896993160247803,58.563785552978516,0.009130347151416734,0.10292194661390976,1.0221308803313631,95.8969931602478,301.4362144470215,1.6737182734088063,5.261054426848223,<Info>
1620643857.855,76.50800013542175,76.5,-0.018475908786058426,0.047917820513248444,0.47032442688941956,0.7210726141929626,5.843428134918213,56.22822952270508,0.012585091263629992,0.10198706055799425,0.9813677377382833,95.84342813491821,303.7717704772949,1.6727833873528908,5.301817569441303,<Info>
1620643858.356,77.0090000629425,77.0,-0.013813933357596397,0.046129439026117325,0.3921470046043396,0.6215923428535461,5.485107421875,46.262840270996094,0.010848832987979826,0.0957331843372964,0.8074388840531076,95.485107421875,313.7371597290039,1.666529511132193,5.475746423126479,<Info>
1620643858.858,77.51100015640259,77.5,-0.009843079373240471,0.058579567819833755,0.2816661298274994,0.816261887550354,6.7619757652282715,32.82707214355469,0.01424645749629739,0.11801874104329643,0.5729404926947419,96.76197576522827,327.1729278564453,1.688815067838193,5.710244814484844,<Info>
1620643859.345,77.9980001449585,78.0,-0.04431450739502907,0.03660328686237335,-0.028312403708696365,354.7934875488281,4.0453972816467285,356.5658264160156,6.192314522360556,0.0706055021159638,6.223247671054045,94.04539728164673,3.4341735839843697,1.6414018289108603,0.05993763612554126,<Info>
1620643859.844,78.49700021743774,78.5,-0.004969045054167509,0.03881365805864334,-0.3575741946697235,357.8727722167969,3.9495279788970947,317.99041748046875,6.246058178422792,0.06893226713139143,5.549979774825511,93.9495279788971,42.00958251953125,1.639728593926288,0.7332055323540754,<Info>
1620643860.358,79.01100015640259,79.0,0.031077247112989426,0.13188451528549194,-0.5808578729629517,353.8777160644531,14.348358154296875,287.44390869140625,6.176331294762337,0.25042609204785704,5.016842621466984,104.34835815429688,72.55609130859375,1.8212224188427535,1.2663426857126021,<Info>
1620643860.846,79.49900007247925,79.5,-0.029286684468388557,0.08972503989934921,-0.6521466970443726,350.6859436035156,5.553946495056152,277.6971435546875,6.1206243563444955,0.09693465281832883,4.846729478412647,95.55394649505615,82.30285644531249,1.6677309796132254,1.4364558287669391,<Info>
1620643861.348,80.00100016593933,80.0,-0.03420151397585869,-0.06318299472332001,-0.7624945044517517,3.02909517288208,352.3333435058594,260.0772399902344,0.05286768412305915,6.149376908737427,4.5392041473290545,82.33334350585936,99.92276000976564,1.4369879283527371,1.7439811598505317,<Info>
1620643861.849,80.50200009346008,80.5,-0.10621105134487152,-0.203354150056839,-0.6889456510543823,8.52700424194336,334.78741455078125,267.9731750488281,0.14882429935343477,5.843142678150306,4.677014211625167,64.78741455078128,92.02682495117189,1.1307536977656163,1.6061710955544193,<Info>
1620643862.351,81.00400018692017,81.0,-0.14735476672649384,-0.2403579205274582,-0.614052414894104,5.293705940246582,327.63250732421875,278.8768005371094,0.09239259828968506,5.718265989372054,4.86731837680005,57.632507324218764,81.1231994628906,1.0058770089873645,1.4158669303795364,<Info>
1620643862.853,81.50600004196167,81.5,-0.04960058256983757,-0.06764756888151169,-0.5481283664703369,359.51220703125,350.38861083984375,293.29779052734375,6.274671713806821,6.1154349206443674,5.119012133526784,80.38861083984376,66.70220947265626,1.4030459402596778,1.1641731736528023,<Info>
1620643863.354,82.007000207901,82.0,-0.02907329611480236,-0.03297552838921547,-0.47146663069725037,358.84283447265625,355.0950622558594,303.731201171875,6.2629889587368615,6.19757799393899,5.301109501486478,85.0950622558594,56.268798828124986,1.4851890135543,0.9820758056931078,<Info>
1620643863.855,82.50800013542175,82.5,-0.0407392717897892,-0.03651413694024086,-0.21057474613189697,356.3075256347656,354.9263610839844,335.8145446777344,6.218739471960759,6.194633603037798,5.861069480712065,84.9263610839844,24.185455322265597,1.4822446226531083,0.4221158264675209,<Info>
1620643864.357,83.01000022888184,83.0,-0.016826918348670006,-0.09350124001502991,0.19054852426052094,356.0086669921875,349.8455810546875,22.425424575805664,6.21352340464973,6.105957262956993,0.39139749500546156,79.8455810546875,337.57457542419434,1.3935682825723035,5.891787812174124,<Info>
1620643864.856,83.5090000629425,83.5,0.0410023033618927,-0.0369005911052227,0.40241876244544983,2.605914354324341,354.23553466796875,47.4045524597168,0.04548178550794188,6.182576407518573,0.8273655208564347,84.23553466796875,312.5954475402832,1.470187427133883,5.4558197863231515,<Info>
1620643865.358,84.01100015640259,84.0,0.040682751685380936,-0.03798500448465347,0.5432537198066711,1.5499478578567505,353.8089599609375,65.84215545654297,0.027051693353833357,6.175131274375147,1.1491623993266251,83.80895996093749,294.157844543457,1.4627422939904573,5.134022907852961,<Info>
1620643865.846,84.49900007247925,84.5,0.02773403190076351,-0.03508557379245758,0.6320123076438904,359.9174499511719,354.8740539550781,78.49481964111328,6.281744537029853,6.193720671416118,1.3699930484965406,84.87405395507811,281.50518035888666,1.4813316910314285,4.913192258683045,<Info>
1620643866.348,85.00100016593933,85.0,0.03916837275028229,-0.020426100119948387,0.6975753903388977,1.5828371047973633,355.189453125,88.50817108154297,0.027625719001448522,6.199225425389312,1.5447590002913554,85.18945312500001,271.49182891845703,1.4868364450046228,4.738426306888231,<Info>
1620643866.849,85.50200009346008,85.5,0.04949859902262688,-0.02000153437256813,0.7371106147766113,2.1428401470184326,354.2654113769531,95.04303741455078,0.037399615909391004,6.18309785446001,1.6588139339800698,84.26541137695312,264.9569625854492,1.4707088740753207,4.624371373199517,<Info>
1620643867.351,86.00400018692017,86.0,0.20389246940612793,-0.19178113341331482,0.6910557150840759,0.45420682430267334,327.49261474609375,91.94863891601562,0.007927404569109047,5.715824403284669,1.6048064918118625,57.49261474609374,268.0513610839844,1.0034354228999796,4.678378815367724,<Info>
1620643867.852,86.50500011444092,86.5,0.19410383701324463,-0.1923460215330124,0.7103912234306335,358.5526123046875,328.3124084472656,95.61824035644531,6.257923626343531,5.730132502557229,1.6688531191832872,58.31240844726562,264.38175964355463,1.0177435221725393,4.614332187996299,<Info>
1620643868.352,87.00500011444092,87.0,0.08980190753936768,-0.07859629392623901,0.787441611289978,359.10546875,346.3207702636719,105.06139373779297,6.267572791605106,6.044437709143945,1.8336672374586394,76.32077026367188,254.93860626220703,1.332048728759255,4.449518069720947,<Scene>
1620643868.854,87.507000207901,87.5,0.07352512329816818,-0.03818970546126366,0.8497892618179321,0.6763868927955627,350.5188903808594,116.96163940429688,0.011805178296616483,6.117708727583077,2.04136570613532,80.51889038085938,243.0383605957031,1.4053197471983871,4.241819601044266,<Scene>
1620643869.356,88.0090000629425,88.0,0.07454033195972443,-0.019590655341744423,0.8693395256996155,2.243708610534668,351.4467468261719,121.20030212402344,0.03916010270917709,6.133902877539631,2.1153443264760856,81.4467468261719,238.79969787597656,1.4215138971549415,4.167840980703501,<Scene>
1620643869.857,88.51000022888184,88.5,0.07580193132162094,-0.019839562475681305,0.8716508150100708,2.247424364089966,351.29522705078125,121.76260375976562,0.03922495484290972,6.131258358577182,2.125158341409137,81.29522705078126,238.2373962402344,1.4188693781924924,4.15802696577045,<Scene>
1620643870.357,89.01000022888184,89.0,0.07811544835567474,-0.015049053356051445,0.8702430725097656,2.8851473331451416,351.33880615234375,121.40210723876953,0.05035532036851645,6.132018957384509,2.11886649017577,81.33880615234378,238.59789276123047,1.4196299769998193,4.164318817003816,<Info>
1620643870.846,89.49900007247925,89.5,0.07842694222927094,-0.014128655195236206,0.8697141408920288,3.0047707557678223,351.362548828125,121.27137756347656,0.05244314295578689,6.132433345250125,2.116584826911845,81.36254882812501,238.7286224365234,1.4200443648654355,4.166600480267741,<Info>
1620643871.347,90.0,90.0,0.0794488862156868,-0.012659227475523949,0.869799017906189,3.2083914279937744,351.34210205078125,121.28793334960938,0.05599699411125393,6.132076481664054,2.1168737798901183,81.34210205078124,238.7120666503906,1.4196875012793644,4.1663115272894675,<Info>
1620643871.849,90.50200009346008,90.5,0.055367566645145416,-0.03604259341955185,0.7743589878082275,0.80131995677948,352.4661865234375,101.74869537353516,0.013985671607740583,6.15169545678245,1.77584974387691,82.46618652343751,258.25130462646484,1.4393064763977605,4.507335563302676,<Info>
1620643872.35,91.00300002098083,91.0,0.02445240132510662,-0.030068542808294296,0.7088806629180908,359.5294494628906,355.58270263671875,90.3926010131836,6.27497265101,6.206088924150665,1.577648507121616,85.58270263671876,269.6073989868164,1.493699943765975,4.7055368000579705,<Info>
1620643872.849,91.50200009346008,91.5,0.018206752836704254,-0.021815095096826553,0.7008169293403625,359.7347412109375,356.7543029785156,89.03816223144531,6.2785556679405925,6.226537207632511,1.5540090908635822,86.75430297851562,270.9618377685547,1.514148227247821,4.729176216316004,<Info>
1620643873.352,92.00500011444092,92.0,0.017176765948534012,-0.02045019157230854,0.6994077563285828,359.7664794921875,356.94818115234375,88.80525970458984,6.279109605447329,6.229921020113566,1.5499441749337397,86.94818115234378,271.19474029541016,1.5175320397288763,4.733241132245847,<Info>
1620643873.854,92.507000207901,92.5,0.015696121379733086,-0.022408798336982727,0.6994702816009521,359.4875793457031,356.9065856933594,88.82488250732422,6.274241879606882,6.22919504240041,1.5502866574499239,86.90658569335939,271.1751174926758,1.5168060620157204,4.732898649729663,<Info>
1620643874.355,93.00800013542175,93.0,0.024266576394438744,-0.026574930176138878,0.7092705965042114,359.7972412109375,355.8802185058594,90.43324279785156,6.279646498723089,6.211281555644101,1.5783578400779585,85.88021850585939,269.56675720214844,1.4988925752594113,4.7048274671016275,<Info>
1620643874.855,93.50800013542175,93.5,0.03582462668418884,0.006193963345140219,0.8503590822219849,2.7637364864349365,356.8801574707031,116.54882049560547,0.04823630134578924,6.228733782899608,2.034160656964165,86.88015747070314,243.45117950439453,1.5163448025149187,4.249024650215421,<Info>
1620643875.357,94.01000022888184,94.0,0.03354617953300476,0.031565699726343155,0.9557907581329346,4.58333683013916,357.3753967285156,146.0920867919922,0.07999431841384842,6.23737733853357,2.549787925629584,87.37539672851564,213.9079132080078,1.52498835814888,3.7333973815500023,<Info>
1620643875.856,94.5090000629425,94.5,-0.02281588315963745,0.011534368619322777,-0.9995229840278625,358.7227478027344,357.3629150390625,178.0430450439453,6.260893050958969,6.237159491956401,3.107437346293418,87.36291503906251,181.9569549560547,1.5247705115717114,3.1757479608861683,<Scene>
1620643876.345,94.9980001449585,95.0,-0.036541879177093506,0.007851057685911655,-0.9859274625778198,358.42669677734375,356.0149230957031,198.82333374023438,6.255725985811997,6.213632594254423,3.470121803558622,86.01492309570314,161.17666625976562,1.5012436138697334,2.813063503620964,<Scene>
1620643876.847,95.5,95.5,-0.03814274072647095,-0.023618526756763458,-0.9576409459114075,1.3537588119506836,355.0382385253906,213.0274200439453,0.023627548546426187,6.196586232749044,3.7180298767958093,85.03823852539064,146.9725799560547,1.4841972523643543,2.565155430383777,<Scene>
1620643877.348,96.00100016593933,96.0,-0.037165407091379166,-0.021545033901929855,-0.9282070398330688,0.7202873229980469,355.12860107421875,223.390380859375,0.012571385346691792,6.198163356746589,3.8988976632802137,85.12860107421876,136.609619140625,1.4857743763618991,2.3842876438993725,<Scene>
1620643877.847,96.5,96.5,-0.031086895614862442,-0.027457915246486664,-0.9107810258865356,1.406887412071228,355.4582214355469,228.49899291992188,0.024554817545505144,6.203916317333378,3.9880597639438484,85.45822143554688,131.50100708007812,1.491527336948688,2.295125543235738,<Info>
1620643878.351,97.00400018692017,97.0,-0.03487538918852806,-0.044033925980329514,-0.9240863919258118,3.1688644886016846,354.3904724121094,224.342529296875,0.05530711887562572,6.185280581289439,3.915515788482308,84.39047241210938,135.657470703125,1.4728916009047497,2.3676695186972783,<Info>
1620643878.852,97.50500011444092,97.5,-0.03800893947482109,-0.05782612785696983,-0.9528344869613647,5.0622100830078125,353.8802185058594,214.18894958496094,0.08835223337614179,6.176374970604215,3.7383023916457105,83.8802185058594,145.81105041503903,1.4639859902195251,2.5448829155338757,<Info>
1620643879.353,98.00600004196167,98.0,-0.04654724523425102,-0.0501677431166172,-0.988221287727356,4.985197067260742,353.9306945800781,195.50698852539062,0.08700810268446517,6.1772559442928126,3.41224066042684,83.93069458007812,164.49301147460938,1.4648669639081229,2.870944646752746,<Info>
1620643879.855,98.50800013542175,98.5,0.03596308454871178,0.03161881864070892,0.9739893674850464,4.453199863433838,356.7868957519531,154.25367736816406,0.07772299986628231,6.227106058841351,2.6922345533835244,86.78689575195311,205.74632263183594,1.5147170784566617,3.590950753796062,<Info>
1620643880.355,99.00800013542175,99.0,0.008660580962896347,-0.01044824905693531,0.9103385210037231,359.32037353515625,358.6011657714844,131.13587951660156,6.271323587684374,6.258771044202394,2.2887528650632873,88.60116577148439,228.86412048339844,1.5463820638177044,3.994432442116299,<Info>
1620643880.856,99.5090000629425,99.5,0.01595902442932129,-0.029345527291297913,0.8537187576293945,358.075927734375,356.6894226074219,117.39756774902344,6.249603911098124,6.225404831537009,2.048974091053567,86.68942260742188,242.60243225097653,1.5130158511523195,4.234211216126019,<Info>
1620643881.358,100.01100015640259,100.0,0.13960492610931396,-0.1467672735452652,0.7311241626739502,357.95916748046875,336.71099853515625,97.01424407958984,6.2475660602319945,5.876715552116281,1.6932179805222585,66.71099853515626,262.98575592041016,1.164326571731591,4.5899673266573275,<Info>
1620643881.846,100.49900007247925,100.5,0.2101936787366867,-0.22731687128543854,0.6584100127220154,359.2248840332031,323.9365234375,87.8982162475586,6.269656981474202,5.653758901448155,1.5341132801498727,53.93652343750002,272.1017837524414,0.9413699210634654,4.7490720270297135,<Info>
1620643882.347,101.0,101.0,0.14957013726234436,-0.17623868584632874,0.6186659336090088,0.42036113142967224,333.27325439453125,78.87178802490234,0.007336685790856399,5.816715598021231,1.3765723879695813,63.27325439453124,281.12821197509766,1.1043266176365414,4.906612919210005,<Info>
1620643882.848,101.50100016593933,101.5,0.06657654047012329,-0.10038069635629654,0.5612908005714417,359.7840881347656,346.1652526855469,68.88737487792969,6.279416934237124,6.041723415360936,1.2023115046755,76.16525268554688,291.1126251220703,1.3293344349762464,5.080873802504087,<Scene> <Info>
1620643883.349,102.00200009346008,102.0,0.05703328922390938,-0.11558227241039276,0.5757472515106201,357.5719299316406,345.3853454589844,71.29547882080078,6.240807490017591,6.028111466397323,1.244340847208858,75.3853454589844,288.7045211791992,1.3157224860126338,5.038844459970728,<Scene> <Info>
1620643883.851,102.50400018692017,102.5,0.06937465071678162,-0.10977707803249359,0.5874009132385254,358.9249572753906,345.1147766113281,72.79792022705078,6.264422272035542,6.023389149152394,1.2705633965662142,75.11477661132812,287.2020797729492,1.3110001687677046,5.0126219106133725,<Scene> <Info>
1620643884.347,103.0,103.0,0.09461448341608047,-0.10554638504981995,0.67904132604599,359.57965087890625,343.7074890136719,86.68367004394531,6.275848831008636,5.9988273470508116,1.5129154499792234,73.70748901367188,273.3163299560547,1.2864383666661219,4.770269857200363,<Info>
1620643884.851,103.50400018692017,103.5,0.1489456593990326,-0.1157207041978836,0.8024474382400513,358.9468688964844,338.28021240234375,109.79588317871094,6.264804701968077,5.904103500766656,1.9162996666035634,68.28021240234378,250.20411682128903,1.1917145203819661,4.366885640576022,<Info>
1620643885.353,104.00600004196167,104.0,0.10736609250307083,-0.05666947364807129,0.885858952999115,359.7492370605469,346.0559387207031,126.39877319335938,6.27880866824415,6.039815526756003,2.2060747627056685,76.05593872070312,233.60122680664062,1.3274265463713135,4.077110544473918,<Info>
1620643885.855,104.50800013542175,104.5,0.061548586934804916,-0.02646978758275509,0.9032984375953674,0.251033216714859,352.32080078125,129.7194061279297,0.004381356163546753,6.1491579968958225,2.2640307406640816,82.32080078125,230.28059387207034,1.4367690165111329,4.019154566515505,<Info>
1620643886.354,105.007000207901,105.0,0.04857670143246651,-0.01464606262743473,0.9002245664596558,0.9009824395179749,354.25347900390625,128.63638305664062,0.015725110072239333,6.1828895952627665,2.2451284221950263,84.25347900390628,231.36361694335935,1.4705006148780768,4.0380568849845595,<Info>
1620643886.856,105.5090000629425,105.5,-0.01894160360097885,-0.008957110345363617,0.8813307881355286,358.0698547363281,1.4286175966262817,123.62950897216797,6.249497917286738,0.024934080813056852,2.1577419841882017,91.42861759662628,236.37049102783203,1.5957304076079535,4.1254433229913845,<Info>
1620643887.358,106.01100015640259,106.0,-0.034877050668001175,-0.020475827157497406,0.7975972890853882,355.71722412109375,1.7758595943450928,105.86029815673828,6.2084367669676785,0.030994596974452743,1.8476107499779673,91.77585959434509,254.13970184326172,1.6017909237693493,4.435574557201619,<Info>
1620643887.846,106.49900007247925,106.5,-0.04725823551416397,-0.053898200392723083,0.7139274477958679,351.7902526855469,359.5641784667969,91.44375610351562,6.139898185785617,6.275578786474102,1.5959946243970082,89.56417846679689,268.5562438964844,1.5631898060894125,4.687190682782578,<Info>
1620643888.348,107.00100016593933,107.0,-0.004311179276555777,-0.08722103387117386,0.6174657344818115,353.37054443359375,352.4700927734375,77.04472351074219,6.167479479931131,6.151763633706356,1.344684096551136,82.47009277343749,282.9552764892578,1.439374653321666,4.93850121062845,<Info>
1620643888.849,107.50200009346008,107.5,0.015271431766450405,-0.09339240193367004,0.5846735239028931,355.07659912109375,350.3077697753906,72.35026550292969,6.19725575144709,6.114023977898843,1.262750347718194,80.30776977539062,287.6497344970703,1.4016349975141535,5.020434959461392,<Info>
1620643889.351,108.00400018692017,108.0,0.011127717792987823,-0.05410318449139595,0.6178015470504761,357.1549377441406,354.3399658203125,76.58992767333984,6.233529603390623,6.184399074968623,1.3367464117641004,84.33996582031251,283.41007232666016,1.4720100945839336,4.946438895415486,<Info>
1620643889.85,108.50300002098083,108.5,0.03231065720319748,-0.04795443266630173,0.6716530919075012,359.0375061035156,353.4400939941406,84.61896514892578,6.266386619655584,6.16869334875599,1.4768795514790887,83.44009399414062,275.3810348510742,1.4563043683713,4.806305755700498,
1620643890.353,109.00600004196167,109.0,0.04378877207636833,-0.0392952561378479,0.7037149667739868,0.3867405951023102,353.26513671875,89.62601470947266,0.006749896735657569,6.165639768250105,1.5642690521211668,83.26513671875,270.37398529052734,1.4532507878654153,4.718916255058419,
1620643890.854,109.507000207901,109.5,0.061873335391283035,-0.029142163693904877,0.5894150137901306,3.768627405166626,353.11639404296875,72.20063018798828,0.06577495650104799,6.1630437188194955,1.260138718795208,83.11639404296875,287.7993698120117,1.4506547384348059,5.0230465883843785,
1620643891.355,110.00800013542175,110.0,0.04198765009641647,-0.016840239986777306,0.3830845355987549,3.7098045349121094,356.3739929199219,44.980995178222656,0.06474830373963324,6.2198995449315975,0.785066466683679,86.37399291992189,315.01900482177734,1.5075105645469078,5.498118840495907,
1620643891.853,110.50600004196167,110.5,0.07681483030319214,-0.06578918546438217,0.39916515350341797,5.103302001953125,349.55865478515625,46.842647552490234,0.08906942265770013,6.100949454843208,0.817558430142218,79.55865478515626,313.15735244750977,1.3885604744585187,5.465626877037368,<Info>
1620643892.356,111.0090000629425,111.0,0.05973920226097107,-0.07567101716995239,0.35240334272384644,3.3754947185516357,349.45635986328125,41.15924072265625,0.05891349672240536,6.099164071648419,0.7183642682312819,79.45635986328124,318.84075927734375,1.386775091263729,5.564821038948304,<Info>
1620643892.857,111.51000022888184,111.5,0.054347600787878036,-0.061424750834703445,0.2832164466381073,4.00484561920166,351.4789733886719,32.72047424316406,0.06989774208914001,6.134465337161855,0.5710800083572126,81.47897338867188,327.27952575683594,1.4220763567771657,5.712105298822373,<Info>
1620643893.346,111.99900007247925,112.0,0.05163769796490669,-0.06616851687431335,0.2802508771419525,3.579237937927246,351.05474853515625,32.38878631591797,0.06246948672912287,6.127061216699217,0.5652909619376528,81.05474853515625,327.61121368408203,1.4146722363145274,5.717894345241933,<Info>
1620643893.847,112.5,112.5,0.05460016429424286,-0.05420687794685364,0.2910940647125244,4.20048189163208,352.2315368652344,33.665287017822266,0.07331223917937944,6.147600047658126,0.5875701020899015,82.23153686523438,326.33471298217773,1.4352110672734364,5.695615205089685,<Info>
1620643894.348,113.00100016593933,113.0,0.05768927186727524,-0.05934944376349449,0.33915483951568604,3.936009645462036,351.35211181640625,39.49532699584961,0.06869632770356722,6.1322511850315635,0.6893234952293765,81.35211181640625,320.5046730041504,1.4198622046468738,5.59386181195021,<Info>
1620643894.85,113.50300002098083,113.5,0.06303036957979202,-0.050691425800323486,0.41284888982772827,4.201853275299072,351.71954345703125,48.63436508178711,0.07333617433967654,6.138664076936474,0.8488298002941463,81.71954345703126,311.3656349182129,1.4262750965517847,5.43435550688544,<Info>
1620643895.351,114.00400018692017,114.0,0.08890847861766815,-0.051289383322000504,0.6020197868347168,4.616765022277832,349.14776611328125,74.05004119873047,0.08057775042965752,6.093778094659843,1.2924170301552953,79.14776611328126,285.94995880126953,1.3813891142751533,4.990768277024291,<Info>
1620643895.851,114.50400018692017,114.5,0.07956836372613907,-0.03407645598053932,0.6991609930992126,3.792219638824463,350.8145446777344,88.83765411376953,0.06618671865627707,6.1228688685112145,1.5505095640331634,80.81454467773439,271.16234588623047,1.4104798881265248,4.732675743146423,<Info>
1620643896.351,115.00400018692017,115.0,0.10409928858280182,-0.048347439616918564,0.7525858283042908,3.6568918228149414,347.3270568847656,98.0986328125,0.06382480269737782,6.062000723900799,1.71214413428307,77.32705688476562,261.9013671875,1.3496117435161095,4.571041172896516,<Info>
1620643896.853,115.50600004196167,115.5,0.10684561729431152,-0.03137433901429176,0.8016271591186523,4.410247802734375,347.9856262207031,107.0743408203125,0.07697334498656022,6.073494927165581,1.8687997917170192,77.98562622070311,252.9256591796875,1.3611059467808913,4.414385515462567,<Info>
1620643897.355,116.00800013542175,116.0,0.1163005456328392,-0.0435287207365036,0.793643057346344,4.0981645584106445,346.3227844238281,105.73682403564453,0.07152646483280523,6.044472862870334,1.8454557200238753,76.32278442382815,254.26317596435544,1.3320838824856445,4.437729587155711,<Info>
1620643897.855,116.50800013542175,116.5,0.0965997502207756,-0.0385422445833683,0.7863190770149231,3.3370015621185303,348.5296325683594,104.14924621582031,0.05824166440316244,6.082989629083932,1.8177472599363091,78.52963256835939,255.85075378417966,1.3706006486992424,4.465438047243277,<Info>
1620643898.357,117.01000022888184,117.0,0.08061926066875458,-0.03355937451124191,0.8043829202651978,2.370424747467041,350.26214599609375,107.49652862548828,0.04137171651405498,6.1132276927329094,1.876168358979105,80.26214599609375,252.50347137451172,1.4008387123482198,4.407016948200481,<Info>
1620643898.845,117.4980001449585,117.5,0.055996123701334,-0.010931665077805519,0.7610909938812256,3.2101752758026123,354.2975158691406,99.18062591552734,0.05602812812887264,6.183658183553363,1.7310284764147676,84.29751586914062,260.81937408447266,1.4712692031686734,4.552156830764819,<Info>
1620643899.347,118.0,118.0,0.04485585168004036,-0.013523736037313938,0.742648184299469,2.2917556762695312,355.1416320800781,95.95753479003906,0.0399986822021726,6.198390790703681,1.6747749241831873,85.14163208007811,264.04246520996094,1.4860018103189914,4.608410382996399,<Info>
1620643899.842,118.49500012397766,118.5,0.08130618184804916,-0.019153306260704994,0.7986268401145935,3.848099946975708,351.21673583984375,106.2376708984375,0.06716201402054532,6.129888428512445,1.8541971468278968,81.21673583984376,253.7623291015625,1.4174994481277556,4.42898816035169,<Info>
1620643900.348,119.00100016593933,119.0,0.07911381870508194,-0.017670106142759323,0.8063252568244934,3.7226200103759766,351.4722595214844,107.71663665771484,0.06497197598168626,6.134348158073892,1.8800099688515444,81.47225952148438,252.28336334228516,1.4219591776892022,4.403175338328042,<Info>
1620643900.849,119.50200009346008,119.5,0.078962542116642,-0.020820634439587593,0.8016807436943054,3.487570285797119,351.29986572265625,106.8330078125,0.06086958438187936,6.13133931867432,1.8645877361369498,81.29986572265625,253.1669921875,1.4189503382896307,4.418597571042636,<Info>
1620643901.351,120.00400018692017,120.0,0.07943304628133774,-0.021524708718061447,0.799923837184906,3.4805941581726074,351.21826171875,106.49981689453125,0.0607478279857923,6.129915060123346,1.8587724575806528,81.21826171875,253.50018310546875,1.4175260797386562,4.424412849598934,<Info>
1620643901.853,120.50600004196167,120.5,0.06627008318901062,-0.026757825165987015,0.7825760841369629,2.319308280944824,352.1361999511719,103.2047119140625,0.040479565871256847,6.145936104609045,1.8012620264726098,82.13619995117189,256.79528808593744,1.4335471242243552,4.481923280706976,<Info>
1620643902.354,121.007000207901,121.0,0.03832469508051872,-0.026342451572418213,0.7447023391723633,0.6788020730018616,354.7122802734375,96.37432098388672,0.011847331143245394,6.1908971880284165,1.6820492155426843,84.71228027343751,263.6256790161133,1.4785082076437268,4.601136091636902,<Info>
1620643902.855,121.50800013542175,121.5,0.04268462583422661,-0.0334831140935421,0.601912260055542,1.5965017080307007,353.9879150390625,74.05754089355469,0.027864211318848923,6.178254629701592,1.2925479245228728,83.9879150390625,285.94245910644526,1.4658656493169024,4.990637382656713,<Info>
1620643903.357,122.01000022888184,122.0,0.05620776489377022,-0.026036467403173447,0.5250195860862732,3.92486834526062,354.0752868652344,63.272003173828125,0.06850187533209941,6.179779555741772,1.104304779715603,84.07528686523438,296.7279968261719,1.467390575357082,5.178880527463983,<Info>
1620643903.858,122.51100015640259,122.5,0.06599947810173035,-0.02225416526198387,0.4957808554172516,5.319009780883789,354.0321044921875,59.32436752319336,0.09283423362220426,6.179025881153279,1.0354055399429176,84.03210449218751,300.67563247680664,1.4666369007685898,5.247779767236668,<Info>
1620643904.345,122.9980001449585,123.0,0.06676258146762848,-0.015498551540076733,0.4873732924461365,5.828879356384277,354.7178955078125,58.21787643432617,0.1017331364704336,6.190995192356532,1.016093627298208,84.71789550781251,301.7821235656738,1.478606211971842,5.2670916798813785,<Info>
1620643904.847,123.5,123.5,0.06776049733161926,-0.017113976180553436,0.48807525634765625,5.835120677947998,354.4955749511719,58.3046875,0.10184206808139624,6.187114966648286,1.0176087662213813,84.49557495117189,301.6953125,1.4747259862635964,5.265576540958205,<Info>
1620643905.348,124.00100016593933,124.0,0.06768076866865158,-0.018178189173340797,0.48807212710380554,5.767892360687256,354.39349365234375,58.3032341003418,0.10066871259462096,6.185333311879023,1.0175833996119983,84.39349365234376,301.6967658996582,1.4729443314943333,5.2656019075675875,
1620643905.849,124.50200009346008,124.5,0.06957617402076721,-0.01997019350528717,0.4885629713535309,5.855622291564941,354.10455322265625,58.35939025878906,0.10219988874098361,6.180290350038849,1.0185635094721748,84.10455322265625,301.64060974121094,1.4679013696541592,5.264621797707411,
1620643906.351,125.00400018692017,125.0,0.06680437177419662,-0.02200894057750702,0.4966115355491638,5.4077467918396,354.0055236816406,59.431640625,0.09438298663176144,6.178561958491388,1.0372778087682706,84.00552368164065,300.568359375,1.466172978106698,5.245907498411316,
1620643906.852,125.50500011444092,125.5,0.06528948247432709,-0.024380739778280258,0.4987783133983612,5.106220245361328,353.84283447265625,59.724403381347656,0.08912035561354789,6.175722496137145,1.0423874827937512,83.84283447265626,300.27559661865234,1.4633335157524554,5.240797824385835,
1620643907.354,126.007000207901,126.0,0.06672313809394836,-0.025827661156654358,0.49917072057724,5.16420841217041,353.6144104003906,59.771724700927734,0.09013244005156207,6.1717357439852965,1.043213395626812,83.61441040039064,300.22827529907227,1.4593467636006068,5.239971911552774,
1620643907.854,126.507000207901,126.5,0.06705405563116074,-0.02723577618598938,0.5031644105911255,5.086617469787598,353.4317321777344,60.30259323120117,0.08877822263725677,6.168547407528253,1.0524787993753066,83.43173217773436,299.6974067687988,1.4561584271435635,5.23070650780428,
1620643908.355,127.00800013542175,127.0,0.06904848664999008,-0.02709272876381874,0.5008351802825928,5.3117570877075195,353.344970703125,59.9847297668457,0.09270765024664143,6.167033134132434,1.0469310353505081,83.34497070312499,300.0152702331543,1.4546441537477444,5.236254271829078,
1620643908.856,127.5090000629425,127.5,0.06725726276636124,-0.027714936062693596,0.5015217661857605,5.091961860656738,353.38214111328125,60.083404541015625,0.08887149985443679,6.167681880173978,1.048653235048435,83.38214111328128,299.9165954589844,1.4552928997892884,5.2345320721311515,
1620643909.357,128.01000022888184,128.0,0.07191327214241028,-0.03451745957136154,0.4992507994174957,5.187086582183838,352.4513854980469,59.76966094970703,0.09053173944512741,6.151437130156713,1.0431773763730685,82.45138549804689,300.23033905029297,1.4390481497720229,5.2400079308065175,<Info>
1620643909.846,128.49900007247925,128.5,0.07280503958463669,-0.03678620234131813,0.5066853165626526,5.0789031982421875,352.1301574707031,60.76231384277344,0.08864358319939646,6.1458306434298775,1.0605024376865246,82.13015747070312,299.23768615722656,1.4334416630451878,5.222682869493061,<Info>
1620643910.347,129.0,129.0,0.07859190553426743,-0.0493680015206337,0.605381429195404,3.7539172172546387,350.025634765625,74.56320190429688,0.06551821528839674,6.109099793043287,1.3013733740592863,80.025634765625,285.4367980957031,1.396710812658597,4.9818119331203,<Info>
1620643910.848,129.50100016593933,129.5,0.08421298861503601,-0.03944706171751022,0.7708876729011536,2.640155076980591,349.65631103515625,101.23384094238281,0.04607939885655566,6.102653877940859,1.7668638388848192,79.65631103515625,258.7661590576172,1.390264897556169,4.516321468294767,<Info>
1620643911.349,130.00200009346008,130.0,0.016871873289346695,-0.0025495176669210196,0.7781977653503418,0.9868719577789307,358.3117980957031,102.1978759765625,0.017224164958844806,6.253720625511168,1.783689424335831,88.31179809570314,257.8021240234375,1.541331645126478,4.499495882843755,<Info>
1620643911.851,130.50400018692017,130.5,0.0708015114068985,-0.03984654322266579,0.7056467533111572,2.520474672317505,351.02423095703125,89.94490814208984,0.043990581745065635,6.126528584481202,1.5698347924833236,81.02423095703128,270.05509185791016,1.414139604096512,4.713350514696263,<Info>
1620643912.353,131.00600004196167,131.0,0.0705513209104538,-0.044923774898052216,0.646793007850647,2.8364267349243164,350.82940673828125,80.7151107788086,0.049504985516021754,6.123128260401388,1.4087444392021744,80.82940673828125,279.2848892211914,1.4107392800166982,4.874440867977412,<Info>
1620643912.849,131.50200009346008,131.5,0.06959401071071625,-0.060798998922109604,0.6002410054206848,2.190196990966797,349.6214294433594,73.94541931152344,0.03822614875964311,6.102045079315666,1.2905910337538826,79.62142944335936,286.05458068847656,1.3896560989309767,4.992594273425704,<Info>
1620643913.353,132.00600004196167,132.0,0.07058537006378174,-0.07634168863296509,0.5869237184524536,1.3898653984069824,348.14404296875,72.1870346069336,0.024257727361744596,6.076259821009302,1.259901431142082,78.14404296875001,287.8129653930664,1.363870840624612,5.023283876037504,<Info>
1620643913.855,132.50800013542175,132.5,0.022616317495703697,-0.022513525560498238,0.5351619720458984,0.808673620223999,356.4329833984375,64.72161102294922,0.014114017246930987,6.2209291230090225,1.1296052095455191,86.43298339843753,295.2783889770508,1.5085401426243328,5.153580097634067,<Info>
1620643914.356,133.0090000629425,133.0,0.03004416823387146,-0.003181900829076767,0.5488026738166809,2.6789779663085938,357.8054504394531,66.5528564453125,0.046756986100466684,6.244883191749849,1.1615664715778327,87.80545043945312,293.4471435546875,1.532494211365159,5.121618835601754,<Info>
1620643914.857,133.51000022888184,133.5,0.05352289602160454,-0.006886327173560858,0.6365801095962524,4.233096122741699,355.4839172363281,79.045654296875,0.07388146489524866,6.204364793660948,1.3796069268736721,85.48391723632815,280.954345703125,1.491975813276258,4.903578380305914,<Info>
1620643915.345,133.9980001449585,134.0,0.10440222173929214,-0.03946103900671005,0.8370648622512817,2.687600612640381,347.4639892578125,114.47823333740234,0.04690747966919138,6.064390644663036,1.9980220936040076,77.4639892578125,245.52176666259763,1.3520016642783466,4.285163213575578,<Info>
1620643915.847,134.5,134.5,0.10642576217651367,-0.03188028186559677,0.9099411368370056,1.5876655578613281,347.3403015136719,132.40867614746094,0.027709991405192716,6.062231886283418,2.310967356980074,77.34030151367186,227.59132385253906,1.3498429058987282,3.972217950199512,<Info>
1620643916.358,135.0110001564026,135.0,0.11212249845266342,-0.026400389149785042,0.8968160152435303,2.848275661468506,347.0758972167969,128.74130249023438,0.04971178829704481,6.057617160746529,2.246959611760565,77.07589721679686,231.25869750976565,1.3452281803618389,4.036225695419022,<Info>
1620643916.846,135.49900007247925,135.5,0.11144166439771652,-0.02673165313899517,0.8953576683998108,2.8249781131744385,347.14007568359375,128.33944702148438,0.049305169371670954,6.0587372863010165,2.239945910713732,77.14007568359376,231.6605529785156,1.3463483059163268,4.043239396465854,<Info>
1620643917.348,136.00100016593933,136.0,0.10945753753185272,-0.02353496290743351,0.8955469727516174,3.0602965354919434,347.5070495605469,128.30091857910156,0.053412250631709915,6.065142188722657,2.239273462538487,77.50704956054689,231.69908142089847,1.3527532083379672,4.0439118446411,<Info>
1620643917.849,136.50200009346008,136.5,0.10790029168128967,-0.014563383534550667,0.9082227945327759,3.5604279041290283,348.0086364746094,131.65663146972656,0.062141189706932554,6.073896531857965,2.2978417012315098,78.00863647460938,228.34336853027344,1.3615075514732755,3.9853436059480765,<Info>
1620643918.351,137.00400018692017,137.0,0.1066305860877037,0.007906780578196049,0.9578182697296143,4.216095447540283,348.46026611328125,148.4499053955078,0.0735847471379218,6.081778956052382,2.5909396234257063,78.46026611328126,211.5500946044922,1.3693899756676924,3.69224568375388,<Info>
1620643918.852,137.50500011444092,137.5,0.07498318701982498,-0.0043695829808712006,0.950570821762085,2.1359407901763916,351.65191650390625,144.67173767089844,0.037279199416227385,6.1374837639413515,2.5249981569386906,81.65191650390628,215.32826232910153,1.4250947835566619,3.7581871502408957,<Info>
1620643919.354,138.007000207901,138.0,0.055206093937158585,-0.01901884749531746,0.7839332818984985,2.2156589031219482,353.68084716796875,103.36956024169922,0.038670542960604064,6.172895284323917,1.8041391725562768,83.68084716796876,256.6304397583008,1.4605063039392272,4.479046134623309,<Info>
1620643919.855,138.50800013542175,138.5,0.03536410629749298,-0.03221692889928818,0.6882546544075012,0.39442178606987,354.5301513671875,87.09004211425781,0.006883958808515936,6.187718438951298,1.5200079805943225,84.5301513671875,272.9099578857422,1.4753294585666081,4.7631773265852635,<Info>
1620643920.357,139.01000022888184,139.0,0.031002869829535484,-0.0429835319519043,0.6811144948005676,359.2352294921875,353.9721984863281,86.05197143554688,6.269837543796109,6.177980324109314,1.5018902293824044,83.97219848632814,273.9480285644531,1.4655913437246246,4.781295077797182,<Info>
1620643920.856,139.5090000629425,139.5,0.04821622371673584,-0.05603447183966637,0.6524445414543152,359.9775695800781,351.52130126953125,81.72493743896484,6.282793822499345,6.135204098048243,1.426369239296319,81.52130126953125,278.27506256103516,1.4228151176635535,4.856816067883267,<Info>
1620643921.358,140.0110001564026,140.0,0.051538411527872086,-0.06246528401970863,0.6277374029159546,0.08003918826580048,350.7102966308594,78.06511688232422,0.0013969473658618286,6.121049396854472,1.3624933205507683,80.71029663085938,281.9348831176758,1.4086604164697825,4.9206919866288175,<Info>
1620643921.846,140.49900007247925,140.5,0.05305485427379608,-0.06246332451701164,0.6169431805610657,0.3474350869655609,350.60455322265625,76.46147155761719,0.006063886204501873,6.119203826219048,1.3345044296004172,80.60455322265626,283.5385284423828,1.406814845834358,4.948680877579169,<Info>
1620643922.348,141.00100016593933,141.0,0.06258613616228104,-0.0602339506149292,0.6137100458145142,1.4130516052246094,350.13336181640625,75.932861328125,0.02466240301176054,6.110979984772882,1.3252784406360556,80.13336181640624,284.067138671875,1.3985910043881926,4.957906866543531,<Info>
1620643922.849,141.50200009346008,141.5,0.07161752879619598,-0.06095896288752556,0.7065327167510986,0.8355723023414612,349.2389221191406,90.33879089355469,0.014583487814328023,6.095369067095056,1.5767093433631996,79.23892211914065,269.6612091064453,1.3829800867103668,4.706475963816387,<Info>
1620643923.351,142.00400018692017,142.0,0.08331455290317535,-0.02026376873254776,0.9106622934341431,1.7693908214569092,350.32135009765625,131.98643493652344,0.030881695588990198,6.11426099923586,2.303597857611607,80.32135009765625,228.01356506347656,1.4018720188511704,3.9795874495679793,<Info>
1620643923.85,142.50300002098083,142.5,0.08539437502622604,0.0038561837282031775,0.9481874704360962,3.459717273712158,350.8175048828125,143.9505615234375,0.06038345761439902,6.122920533836362,2.512411258678649,80.81750488281253,216.0494384765625,1.4105315534516727,3.7707740485009373,<Info>
1620643924.353,143.00600004196167,143.0,0.08481624722480774,0.005554231349378824,0.9464450478553772,3.6778392791748047,350.96209716796875,143.27642822265625,0.06419040478077526,6.125444145285321,2.5006454129826787,80.96209716796878,216.72357177734375,1.4130551649006318,3.7825398941969075,<Info>
1620643924.855,143.50800013542175,143.5,0.08651696890592575,0.005906636826694012,0.9459998607635498,3.7885313034057617,350.7930908203125,143.1502227783203,0.0661223450593028,6.122494428061949,2.4984427124450743,80.7930908203125,216.8497772216797,1.4101054476772594,3.784742594734512,<Info>
1620643925.355,144.00800013542175,144.0,0.08789572864770889,0.010064513422548771,0.9389028549194336,4.494263648986816,350.8885192871094,140.62709045410156,0.07843969812751467,6.1241599690076844,2.45440574592396,80.88851928710936,219.37290954589844,1.4117709886229948,3.8287795612556264,<Info>
1620643925.857,144.51000022888184,144.5,0.08692704886198044,0.012486515566706657,0.932377815246582,4.890717506408691,351.1794128417969,138.40127563476562,0.08535912327175854,6.129237019309812,2.4155579487868652,81.1794128417969,221.59872436523438,1.4168480389251226,3.867627358392721,<Info>
1620643926.358,145.0110001564026,145.0,0.0878739133477211,0.00919924397021532,0.932957649230957,4.559210300445557,350.9355773925781,138.62156677246094,0.07957323103361486,6.1249812878878656,2.4194027544526127,80.93557739257815,221.37843322753906,1.4125923075031759,3.8637825527269736,<Info>
1620643926.847,145.5,145.5,0.0747218132019043,0.0037684915587306023,0.9063413143157959,3.9905548095703125,352.3967590332031,130.43919372558594,0.06964832040829727,6.1504837184864645,2.2765934041582034,82.39675903320315,229.56080627441403,1.4380947381017748,4.006591903021382,<Info>
1620643927.348,146.00100016593933,146.0,0.020209264010190964,-0.0560988113284111,0.631626546382904,357.7146301269531,353.5546569824219,78.63565826416016,6.243298078269033,6.170692850102421,1.3724511461826836,83.55465698242188,281.36434173583984,1.4583038697177315,4.910734160996903,<Info>
1620643927.849,146.50200009346008,146.5,0.03847059980034828,-0.07333020120859146,0.6286791563034058,358.1006164550781,350.6900329589844,78.3797836303711,6.250034810562498,6.12069572906171,1.3679852913507298,80.6900329589844,281.6202163696289,1.4083067486770204,4.915200015828857,<Info>
1620643928.35,147.00300002098083,147.0,0.07998041063547134,-0.10505890101194382,0.6592803597450256,358.8056335449219,344.8711242675781,83.53916931152344,6.2623396800631,6.019136613523756,1.4580335588670885,74.87112426757812,276.46083068847656,1.3067476331390662,4.825151748312498,<Info>
1620643928.85,147.50300002098083,147.5,0.09770847856998444,-0.12552312016487122,0.7492460012435913,356.2359313964844,342.07244873046875,99.33013916015625,6.217489916777294,5.970290510706176,1.7336379748088817,72.07244873046874,260.66986083984375,1.2579015303214867,4.549547332370705,
1620643929.352,148.00500011444092,148.0,0.12003767490386963,-0.13745050132274628,0.8267239928245544,353.9151611328125,339.8319091796875,115.54166412353516,6.176984834493843,5.931185718523889,2.016582462189097,69.83190917968753,244.45833587646482,1.2187967381391998,4.266602844990489,
1620643929.854,148.507000207901,148.5,0.10565158724784851,-0.10193002969026566,0.781387209892273,358.1366271972656,343.2164306640625,104.63585662841797,6.2506633165797565,5.990256762030719,1.8262402138106264,73.21643066406253,255.36414337158203,1.2778677816460293,4.45694509336896,
1620643930.355,149.00800013542175,149.0,0.0894663855433464,-0.06995204091072083,0.6077969074249268,3.2661759853363037,347.36676025390625,75.07134246826172,0.057005524893688535,6.062693678416438,1.3102420999634137,77.36676025390626,284.9286575317383,1.3503046980317484,4.972943207216172,
1620643930.854,149.507000207901,149.5,0.11677110940217972,-0.0413171723484993,0.5882412791252136,8.104101181030273,348.2632141113281,71.87850189208984,0.1414432485237393,6.078339749820653,1.2545165194179417,78.26321411132812,288.1214981079101,1.3659507694359636,5.028668787761644,at <Scene> <Info>
1620643931.357,150.01000022888184,150.0,0.0483427532017231,-0.018094802275300026,0.6776597499847412,2.6708621978759766,354.71746826171875,85.33988952636719,0.04661533921998809,6.190987735505479,1.4894620555233316,84.71746826171878,274.6601104736328,1.4785987551207898,4.793723251656255,at <Scene> <Info>
1620643931.845,150.4980001449585,150.5,0.009453156031668186,-0.013783460482954979,0.7570333480834961,359.5115661621094,358.1479797363281,98.43315887451172,6.274660528530243,6.250861455764858,1.7179827154989054,88.14797973632811,261.5668411254883,1.5384724753801686,4.565202591680681,at <Scene> <Info>
1620643932.346,150.99900007247925,151.0,0.03793294355273247,0.003368494799360633,0.8619048595428467,2.536304235458374,356.4463806152344,119.12511444091797,0.044266859741026135,6.221162948552731,2.0791254688090626,86.44638061523439,240.87488555908206,1.5087739681680414,4.204059838370524,at <Scene> <Info>
1620643932.845,151.4980001449585,151.5,0.06999548524618149,0.03069489262998104,0.9223753809928894,6.329894065856934,353.9222106933594,135.0248565673828,0.11047749275165428,6.1771078725362045,2.356628319133919,83.9222106933594,224.97514343261716,1.4647188921515149,3.926556988045667,<Info>
1620643933.348,152.00100016593933,152.0,0.07630923390388489,0.01854197308421135,0.9228464961051941,5.308554172515869,352.7118225097656,135.2115936279297,0.09265174883088499,6.15598261350526,2.3598874956759577,82.71182250976564,224.7884063720703,1.44359363312057,3.9232978115036286,<Info>
1620643933.85,152.50300002098083,152.5,0.09267749637365341,-0.008669702336192131,0.9118885397911072,3.3942744731903076,349.86578369140625,132.3566436767578,0.059241265273566865,6.106309865485319,2.310059219048357,79.86578369140624,227.6433563232422,1.3939208851006297,3.973126088131229,<Info>
1620643934.351,153.00400018692017,153.0,0.0888054296374321,-0.06480484455823898,0.8036954402923584,359.98236083984375,347.3766784667969,107.92005157470703,6.282877445757573,6.062866783887293,1.883560228900729,77.3766784667969,252.07994842529297,1.3504778035026037,4.3996250782788575,<Info>
1620643934.851,153.50400018692017,153.5,0.10304691642522812,-0.127028688788414,0.594161331653595,0.687389612197876,341.1838073730469,73.95181274414062,0.011997211976859911,5.954780793149773,1.2907026202035567,71.18380737304686,286.0481872558594,1.2423918127650833,4.99248268697603,<Info>
1620643935.353,154.00600004196167,154.0,0.11808979511260986,-0.1621953547000885,0.32529833912849426,6.989311695098877,337.8772277832031,37.41849899291992,0.12198650152762143,5.897070092327756,0.653076008580635,67.87722778320315,322.5815010070801,1.1846811119430667,5.630109298598951,<Info>
1620643935.855,154.50800013542175,154.5,0.1644703447818756,-0.32329726219177246,0.2585068643093109,9.806163787841797,318.39862060546875,28.477128982543945,0.17114984508767805,5.557104263373691,0.49701966226049465,48.39862060546874,331.52287101745605,0.844715282989001,5.786165644919092,<Info>
1620643936.353,155.00600004196167,155.0,0.21078798174858093,-0.4152291417121887,0.49482133984565735,349.8267822265625,305.124267578125,73.28546142578125,6.105629161510696,5.325423096974466,1.2790725957231808,35.124267578125,286.71453857421875,0.6130341165897759,5.004112711456406,<Info>
1620643936.857,155.51000022888184,155.5,0.23954400420188904,-0.29485049843788147,0.7125309109687805,349.0550231933594,316.43084716796875,105.1432113647461,6.092159425349292,5.522760137956029,1.83509522443514,46.430847167968736,254.8567886352539,0.810371157571339,4.4480900827444465,<Info>
1620643937.358,156.0110001564026,156.0,0.08959007263183594,-0.08932720869779587,0.9466956257820129,353.16357421875,347.140869140625,146.01878356933594,6.163867168228548,6.058751134738685,2.54850854304191,77.14086914062503,213.98121643066403,1.3463621543539954,3.734676764137676,<Info>
1620643937.846,156.49900007247925,156.5,-0.0677657499909401,0.015100736171007156,-0.9951533079147339,358.8074035644531,352.1269836425781,172.07626342773438,6.262370572731745,6.145775249679204,3.0032973613430682,82.12698364257814,187.92373657226562,1.4333862692945143,3.279887945836518,<Info>
1620643938.347,157.0,157.0,-0.05909029766917229,0.008731133304536343,-0.9960815906524658,359.4410400390625,353.17388916015625,172.54110717773438,6.2734296154744085,6.164047197918237,3.011410415287886,83.17388916015625,187.4588928222656,1.4516582175335477,3.2717748918917002,<Info>
1620643938.849,157.50200009346008,157.5,-0.059374984353780746,-0.006811556406319141,-0.9967688918113708,1.151228904724121,353.2443542480469,173.76844787597656,0.020092734831564017,6.165277045709637,3.032831551515938,83.2443542480469,186.23155212402344,1.452888065324947,3.250353755663648,<Info>
1620643939.35,158.00300002098083,158.0,-0.06688269227743149,-0.03435787558555603,-0.9969940185546875,4.107938289642334,352.41021728515625,177.58053588867188,0.0716970486230032,6.150718609294609,3.099365038713279,82.41021728515625,182.4194641113281,1.4383296289099192,3.1838202684663073,<Info>
