timestamps,playback_time,rounded_playback_time,quat_x,quat_y,quat_z,deg_roll,deg_pitch,deg_yaw,rad_roll,rad_pitch,rad_yaw,deg_inclination,deg_azimuth,rad_inclination,rad_azimuth
1622602297.247,0.0,0.0,0.0237213633954525,-0.07030139118432999,0.1099294051527977,1.828184723854065,351.687255859375,12.524658203125,0.03190784276591675,6.1381005520498135,0.218596523331448,81.687255859375,347.475341796875,1.4257115716651239,6.064588783848138
1622602297.747,0.5,0.5,0.04017459601163864,-0.1599150002002716,0.11247725784778595,2.58900785446167,341.18994140625,12.667383193969727,0.0451867114203503,5.954887852225594,0.22108754434656724,71.18994140625,347.3326168060303,1.2424988718409047,6.062097762833019
1622602298.246,0.999000072479248,1.0,9.474530816078186e-05,-0.147234246134758,-0.09182797372341156,1.6302558183670044,343.14300537109375,349.10443115234375,0.028453331680298875,5.988975248914173,6.09302175691026,73.14300537109376,10.89556884765626,1.276586268529483,0.1901635502693262
1622602298.748,1.500999927520752,1.5,-0.01282594259828329,-0.10606838017702103,-0.09681311249732971,359.7158508300781,347.73675537109375,348.85498046875,6.278225968597641,6.069151311427662,6.088668021160199,77.73675537109375,11.145019531249975,1.3567623310429724,0.19451728601938711
1622602299.248,2.000999927520752,2.0,-0.011629954911768436,-0.051885709166526794,-0.08018532395362854,359.1454772949219,353.9638977050781,350.83355712890625,6.268271072442925,6.177835448146014,6.123200698383038,83.96389770507812,9.166442871093743,1.465446467761324,0.15998460879654797
1622602299.748,2.500999927520752,2.5,-0.002282314235344529,0.05858351290225983,-0.17798668146133423,358.53851318359375,6.562037944793701,339.37548828125,6.257677550258808,0.11452916777745198,5.923219671071244,96.5620379447937,20.624511718749982,1.6853254945723486,0.35996563610834187
1622602300.248,3.000999927520752,3.0,0.0003578564792405814,0.09668082743883133,-0.17748132348060608,358.0379638671875,10.923513412475586,339.2689208984375,6.248941316618912,0.1906512749334604,5.921359719365933,100.92351341247559,20.73107910156249,1.761447601728357,0.36182558781365337
1622602300.748,3.500999927520752,3.5,-0.007139489054679871,0.1358826756477356,-0.15608927607536316,356.6487121582031,15.286528587341309,341.420166015625,6.224694300158176,0.2668002550493434,5.958906029678306,105.28652858734131,18.579833984374996,1.83759658184424,0.3242792775012804
1622602301.249,4.002000093460083,4.0,-0.003230927512049675,0.11988285928964615,-0.1768581122159958,357.1284484863281,13.478763580322266,339.13726806640625,6.233067278625385,0.2352488035745227,5.919061943977413,103.47876358032227,20.86273193359372,1.8060451303694194,0.3641233632021734
1622602301.749,4.502000093460083,4.5,-0.027654455974698067,0.10486550629138947,-0.15829165279865265,354.8807067871094,11.36619758605957,341.16571044921875,6.193836785239646,0.19837757130897105,5.95446494224449,101.36619758605957,18.83428955078122,1.7691738981038676,0.32872036493509604
1622602302.249,5.002000093460083,5.0,-0.03133522346615791,0.01913565583527088,-0.15251357853412628,356.11474609375,1.6182129383087158,342.387939453125,6.215374834239553,0.02824314377185897,5.975796862576025,91.61821293830872,17.612060546874982,1.5990394705667554,0.3073884446035615
1622602302.749,5.502000093460083,5.5,-0.04696202650666237,-0.2226479947566986,-0.08399039506912231,356.5707092285156,333.9032897949219,350.8988342285156,6.223332892208927,5.8277117901621684,6.1243399986973746,63.90328979492188,9.101165771484345,1.1153228097774788,0.15884530848221168
1622602303.249,6.002000093460083,6.0,-0.05711671710014343,-0.23427771031856537,-0.0791899785399437,355.2527160644531,332.4670715332031,351.8028869628906,6.200329571977259,5.8026450527179065,6.140118695523876,62.467071533203125,8.197113037109347,1.0902560723332169,0.14306661165571022
1622602303.749,6.502000093460083,6.5,-0.0438641682267189,-0.21844646334648132,-0.1382707804441452,358.4578552246094,334.295166015625,344.04364013671875,6.2562698033065915,5.83455132047371,6.004694290932257,64.29516601562501,15.95635986328122,1.1221623400890204,0.2784910162473295
1622602304.249,7.002000093460083,7.0,-0.015923870727419853,-0.1755010336637497,-0.20931224524974823,2.6150712966918945,339.862548828125,334.9813537597656,0.04564160430167106,5.931720481270777,5.846527555895796,69.86254882812503,25.01864624023438,1.2193315008860877,0.43665775128379014
1622602304.749,7.502000093460083,7.5,-0.011680837720632553,-0.15018044412136078,-0.004107996821403503,358.6881408691406,342.72088623046875,359.72314453125,6.260289046023739,5.981607880074577,6.278353267697747,72.72088623046874,0.27685546874998584,1.2692188996898874,0.004832039481839523
1622602305.249,8.002000093460083,8.0,0.08743555098772049,-0.1911008059978485,-0.004713836591690779,10.73055648803711,338.1092529296875,357.366455078125,0.1872835412874871,5.901119695081331,6.237221277293691,68.10925292968751,2.6335449218749782,1.188730714696641,0.04596402988589521
1622602305.749,8.502000093460083,8.5,0.05322375148534775,-0.19047561287879944,0.05785191431641579,5.091262340545654,337.7323303222656,5.7642316818237305,0.08885929092531446,5.894541154556617,0.10060482169559427,67.73233032226562,354.23576831817627,1.182152174171927,6.182580485483992
1622602306.249,9.002000093460083,9.0,0.06181693077087402,-0.18141292035579681,0.19142939150333405,3.0615594387054443,338.10369873046875,21.9023494720459,0.053434292450919525,5.901022756017651,0.3822681122096427,68.10369873046874,338.0976505279541,1.1886337756329617,5.900917194969944
1622602306.749,9.502000093460083,9.5,0.06697060167789459,-0.13642793893814087,0.3773535192012787,1.1648489236831665,342.55438232421875,44.71029281616211,0.020330449006583408,5.978701838693083,0.7803418191727967,72.55438232421876,315.28970718383783,1.2663128583083934,5.502843488006789
1622602307.249,10.002000093460083,10.0,0.08133137971162796,-0.12144957482814789,0.5188063383102417,0.6579847931861877,343.2027893066406,63.1638069152832,0.011484001069152927,5.9900186754292655,1.102416398765655,73.20278930664062,296.8361930847168,1.2776296950445758,5.180768908413931
1622602307.748,10.500999927520752,10.5,0.07465367764234543,-0.09091652929782867,0.6400802731513977,359.8216552734375,346.4894104003906,80.285888671875,6.2800726044975015,6.047381034780701,1.4012531002138362,76.48941040039065,279.714111328125,1.334992054396011,4.88193220696575
1622602308.248,11.000999927520752,11.0,0.08589351177215576,-0.0593712143599987,0.7311321496963501,1.6982403993606567,348.13214111328125,94.46337890625,0.029639886459226866,6.076052094444275,1.6486969844730224,78.13214111328125,265.53662109375,1.3636631140595856,4.634488322706564
1622602308.748,11.500999927520752,11.5,0.1048448383808136,-0.047695036977529526,0.745902955532074,3.9026095867156982,347.35052490234375,96.90421295166016,0.06811338670808409,6.062410318076454,1.6912975750602024,77.35052490234378,263.09578704833984,1.3500213376917642,4.591887732119384
1622602309.248,12.000999927520752,12.0,0.08835605531930923,0.0020946331787854433,0.7592390775680542,6.785173416137695,352.4457092285156,98.8724594116211,0.11842361643039413,6.151338060564162,1.7256499562772436,82.44570922851564,261.1275405883789,1.438949080179472,4.557535350902342
1622602309.748,12.500999927520752,12.5,0.043291084468364716,-0.008227428421378136,0.8358559012413025,1.9331706762313843,355.33245849609375,113.50118255615234,0.03374019330324294,6.201721339962934,1.9809693405120121,85.33245849609375,246.49881744384763,1.4893323595782446,4.302215966667574
1622602310.248,13.000999927520752,13.0,0.025312302634119987,-0.006580559071153402,0.9195154905319214,0.4447697103023529,357.03582763671875,133.79104614257812,0.007762695857917402,6.231450739843707,2.335094264875647,87.03582763671875,226.20895385742188,1.5190617594590172,3.9480910423039393
1622602310.748,13.500999927520752,13.5,-0.030852580443024635,-0.0008216213900595903,-0.9790781140327454,0.8047467470169067,356.5553894042969,156.75845336914062,0.014045480380158877,6.223065510835483,2.735951141625502,86.55538940429686,203.24154663085938,1.5106765304507936,3.547234165554084
1622602311.248,14.000999927520752,14.0,-0.08526784181594849,-0.020617760717868805,-0.9952720999717712,2.7996714115142822,350.3278503417969,174.9661865234375,0.04886348410488131,6.114374449898298,3.0537360344925153,80.3278503417969,185.0338134765625,1.4019854695136083,3.229449272687071
1622602311.748,14.500999927520752,14.5,-0.0711636170744896,-0.024033334106206894,-0.9878492951393127,1.6289844512939453,351.5389099121094,195.56365966796875,0.02843114213887255,6.135511426838039,3.4132297584556954,81.5389099121094,164.43634033203125,1.4231224464533492,2.869955548723891
1622602312.248,15.000999927520752,15.0,-0.08766860514879227,-0.05270242691040039,-0.9500858187675476,2.833829879760742,348.60028076171875,214.1878204345703,0.04945966184321997,6.084222672668639,3.738282684253644,78.60028076171876,145.8121795654297,1.371833692283949,2.5449026229259424
1622602312.747,15.5,15.5,-0.18855172395706177,-0.09253650903701782,-0.9359060525894165,4.1760687828063965,336.092041015625,212.73948669433594,0.07288615004972358,5.865912705470483,3.71300449181883,66.09204101562499,147.26051330566403,1.153523725085793,2.5701808153607564
1622602313.247,16.0,16.0,-0.3725929260253906,-0.05273960530757904,-0.8904871344566345,352.3183898925781,316.32568359375,215.134521484375,6.149115918950599,5.520924687332746,3.7548057346048225,46.32568359374999,144.865478515625,0.8085357069480565,2.5283795725747638
1622602313.747,16.5,16.5,-0.32857245206832886,-0.039404939860105515,-0.9282799363136292,357.1900634765625,321.4362487792969,201.6979522705078,6.234142663073559,5.610120876458335,3.520293361650734,51.43624877929689,158.3020477294922,0.8977318960736449,2.7628919455288523
1622602314.247,17.0,17.0,-0.11942815780639648,-0.06084570288658142,-0.9903352856636047,6.626658916473389,346.0611877441406,183.311767578125,0.11565701649910054,6.039907139497502,3.199393901888873,76.06118774414062,176.688232421875,1.3275181591128122,3.083791405290713
1622602314.747,17.5,17.5,-0.03638332709670067,-0.03633610159158707,-0.9949591755867004,4.516319751739502,356.2074890136719,169.95948791503906,0.07882464974070721,6.2169935035501025,2.966352659120944,86.20748901367186,190.04051208496094,1.5046045231654128,3.316832648058642
1622602315.247,18.0,18.0,0.08422740548849106,-0.05585761368274689,-0.9543481469154358,3.4622957706451416,11.079176902770996,147.513916015625,0.06042846087563216,0.19336811536426154,2.574603526983051,101.079176902771,212.486083984375,1.764164442159158,3.708581780196535
1622602315.747,18.5,18.5,-0.053711988031864166,0.04370809718966484,0.9283447265625,2.4236338138580322,7.565068244934082,137.2106475830078,0.04230038991449003,0.13203534901216857,2.394777569117086,97.56506824493408,222.7893524169922,1.7028316758070652,3.8884077380625004
1622602316.247,19.0,19.0,-0.11304143816232681,0.06570007652044296,0.9119155406951904,1.8906407356262207,14.908856391906738,134.0444793701172,0.032997905809005204,0.2602086317457747,2.3395175091301597,104.90885639190675,225.9555206298828,1.8310049585406714,3.9436677980494266
1622602316.746,19.499000072479248,19.5,-0.07277043163776398,0.017182203009724617,0.849838137626648,357.2945251464844,8.14128303527832,116.71615600585938,6.235965863155827,0.14209219430236436,2.0370812125736,98.14128303527832,243.28384399414062,1.7128885210972609,4.246104094605986
1622602317.246,19.999000072479248,20.0,-0.13841328024864197,0.08135933429002762,0.816509485244751,358.7524108886719,18.437408447265625,111.43026733398438,6.261410769474881,0.3217934829398005,1.9448250513555112,108.43740844726564,248.5697326660156,1.8925898097346971,4.338360255824075
1622602317.746,20.499000072479248,20.5,-0.15875841677188873,0.10528306663036346,0.8514228463172913,1.4899396896362305,21.915372848510742,120.58240509033203,0.026004353240294657,0.38249541300868095,2.1045599887998643,111.91537284851076,239.41759490966797,1.9532917398035776,4.178625318379722
1622602318.246,20.999000072479248,21.0,-0.2076612263917923,0.1658310741186142,0.7900275588035583,2.1717050075531006,30.75397300720215,110.66587829589844,0.03790340276384993,0.5367580870451393,1.9314839458747592,120.75397300720215,249.33412170410156,2.107554413840036,4.351701361304827
1622602318.746,21.499000072479248,21.5,-0.13182222843170166,0.16496585309505463,0.6275534629821777,0.5961485505104065,24.37447166442871,80.015625,0.010404755037398315,0.4254147839783434,1.3965361092910877,114.37447166442871,279.984375,1.99621111077324,4.886649197888499
1622602319.246,21.999000072479248,22.0,-0.11302091181278229,0.1629621833562851,0.5502599477767944,359.75128173828125,22.876070022583008,68.25654602050781,6.278844354602757,0.3992627418108471,1.1913014640968944,112.87607002258302,291.7434539794922,1.9700590686057438,5.091883843082692
1622602319.746,22.499000072479248,22.5,-0.09026243537664413,0.18499217927455902,0.5086581110954285,2.3322441577911377,23.649009704589844,63.12451934814453,0.04070533951385751,0.41275308418118434,1.1017307013639868,113.64900970458984,296.87548065185547,1.983549410976081,5.181454605815599
1622602320.245,22.997999906539917,23.0,-0.10473760962486267,0.16050657629966736,0.4870731234550476,358.6316833496094,22.058692932128906,59.240745544433594,6.2593036764204095,0.38499682035205146,1.033946061086527,112.0586929321289,300.7592544555664,1.955793147146948,5.249239246093059
1622602320.745,23.497999906539917,23.5,-0.11356235295534134,0.027616823092103004,0.4735061228275299,349.9647521972656,8.961112976074219,56.16140365600586,6.108037191768345,0.15640092607568296,0.9802014063388831,98.96111297607422,303.83859634399414,1.7271972528705795,5.302983900840703
1622602321.245,23.997999906539917,24.0,-0.044344183057546616,-0.010007520206272602,0.37689560651779175,354.8592529296875,0.8542858958244324,44.29294967651367,6.1934623447903805,0.014910101635485623,0.7730578072753209,90.85428589582443,315.7070503234863,1.5857064284303821,5.510127499904265
1622602321.745,24.497999906539917,24.5,0.01640380173921585,-0.016530979424715042,0.1539398580789566,1.5665143728256226,357.8388977050781,17.685928344726562,0.027340833585621102,6.2454669566607945,0.3086776808872692,87.83889770507815,342.31407165527344,1.5330779762761049,5.974507626292317
1622602322.245,24.997999906539917,25.0,-0.0045901332050561905,-0.02974114753305912,-0.08689998835325241,359.7720031738281,356.55859375,350.03173828125,6.27920601187879,6.223121437218375,6.10920631948689,86.55859375,9.96826171875,1.5107324568336855,0.17397898769269649
1622602322.745,25.497999906539917,25.5,-0.026959044858813286,-0.04129447042942047,-0.35275787115097046,358.7768249511719,354.48004150390625,318.69415283203125,6.261836875249293,6.186843856849316,5.562262273772957,84.48004150390624,41.30584716796872,1.474454876464626,0.7209230334066294
1622602323.244,25.996999979019165,26.0,-0.026842480525374413,-0.08038769662380219,-0.5465512871742249,2.506493330001831,350.60223388671875,293.26220703125,0.04374656128780872,6.119163346170478,5.118391084360578,80.60223388671878,66.73779296874997,1.4067743657857887,1.1647942228190082
1622602323.744,26.496999979019165,26.5,-0.027571901679039,-0.12647663056850433,-0.472908079624176,4.234707832336426,345.7271728515625,302.5006103515625,0.07390959453426263,6.034077479871319,5.279631639927207,75.72717285156251,57.49938964843748,1.321688499486629,1.0035536672523788
1622602324.244,26.996999979019165,27.0,-0.01181398332118988,-0.06839002668857574,0.01893463358283043,358.48712158203125,352.184814453125,2.278470754623413,6.256780597603669,6.146784587732344,0.03976681657857837,82.184814453125,357.7215292453766,1.4343956073476543,6.243418490601008
1622602324.744,27.496999979019165,27.5,0.08494732528924942,-0.010772245936095715,0.38430315256118774,8.53598690032959,355.1184997558594,45.01235580444336,0.1489810763178564,6.197987055482425,0.7856138128667175,85.11849975585938,314.98764419555664,1.4855980750977356,5.497571494312869
1622602325.244,27.996999979019165,28.0,0.09861518442630768,0.04016641527414322,0.6101409196853638,11.782440185546875,356.7169494628906,75.36597442626953,0.20564237515708456,6.225885265797659,1.3153843977122477,86.71694946289062,284.63402557373047,1.5134962854129697,4.967800909467338
1622602325.744,28.496999979019165,28.5,0.09104496985673904,0.03331775218248367,0.6903247833251953,10.200450897216797,355.5306701660156,87.43116760253906,0.17803145334444279,6.205180786218947,1.5259617435273036,85.53067016601561,272.56883239746094,1.4927918058342575,4.757223563652283
1622602326.244,28.996999979019165,29.0,0.05811169743537903,-0.005508728325366974,0.7581201195716858,3.8670170307159424,354.5332946777344,98.640625,0.06749217941668789,6.187773300069754,1.7216036824750316,84.5332946777344,261.359375,1.4753843196850642,4.561581624704555
1622602326.743,29.496000051498413,29.5,0.017044927924871445,0.016804086044430733,0.853520929813385,2.661341428756714,359.3351745605469,117.2318115234375,0.04644917045153476,6.2715819143101115,2.046081099161414,89.3351745605469,242.76818847656247,1.5591929339254218,4.237104208018172
1622602327.243,29.996000051498413,30.0,0.0010176182258874178,0.0013480867492035031,0.9209436178207397,0.18770936131477356,359.95281982421875,134.129150390625,0.003276146391758471,6.282361857770534,2.340995297219045,89.95281982421874,225.87084960937497,1.569972877385844,3.9421900099605414
1622602327.743,30.496000051498413,30.5,0.011918223462998867,-0.007244142238050699,-0.9613547921180725,0.42267531156539917,1.5413832664489746,148.0833740234375,0.007377075853709083,0.026902213034679653,2.584542444171227,91.54138326644897,211.9166259765625,1.5976985398295762,3.6986428630083594
1622602328.243,30.996000051498413,31.0,-0.03618919104337692,0.01163612212985754,0.9277751445770264,359.6968688964844,4.346586227416992,136.37631225585938,6.277894671358035,0.07586224089026554,2.3802156705926416,94.34658622741699,223.62368774414062,1.6466585676851622,3.9029696365869446
1622602328.743,31.496000051498413,31.5,0.049685318022966385,-0.0516507551074028,0.6796952486038208,0.13462479412555695,351.7814025878906,85.90406036376953,0.0023496459123104893,6.139743722442392,1.499308694179736,81.78140258789062,274.09593963623047,1.4273547420577026,4.78387661299985
1622602329.243,31.996000051498413,32.0,0.03201492130756378,-0.07542292028665543,0.4763648211956024,359.08221435546875,350.6447448730469,57.18115997314453,6.267166925854978,6.119905302850174,0.9979995116409645,80.64474487304689,302.81884002685547,1.4075163224654847,5.285185795538622
1622602329.743,32.49600005149841,32.5,0.02813751809298992,-0.058617811650037766,0.2936738133430481,1.111632227897644,352.626708984375,34.15910339355469,0.01940164244809385,6.154497102249214,0.5961888237466977,82.62670898437501,325.8408966064453,1.442108121864524,5.686996483432889
1622602330.242,32.99500012397766,33.0,0.013255221769213676,-0.03814368322491646,0.06683800369501114,1.225964903831482,355.536376953125,7.62327241897583,0.021397124085755004,6.205280388443716,0.13305120348760088,85.53637695312501,352.37672758102417,1.4928914080590268,6.150134103691985
1622602330.742,33.49500012397766,33.5,-0.005204514600336552,-0.03971554711461067,-0.08013403415679932,359.76995849609375,355.41455078125,350.80926513671875,6.279170325520183,6.203154120629397,6.122776723137497,85.41455078124999,9.190734863281255,1.490765140244707,0.1604085840420888
1622602331.242,33.99500012397766,34.0,-0.011235273443162441,-0.04460088536143303,-0.13084536790847778,359.3911437988281,354.76275634765625,344.97491455078125,6.272558761797952,6.191778161717015,6.020948095697228,84.76275634765628,15.025085449218757,1.4793891813323254,0.26223721148235857
1622602331.742,34.49500012397766,34.5,-0.016783110797405243,-0.05207036808133125,-0.2789798974990845,359.8197021484375,353.7303466796875,327.561279296875,6.280038516035549,6.173759213781539,5.717022825775205,83.73034667968751,32.438720703125014,1.461370233396849,0.5661624814043815
1622602332.242,34.99500012397766,35.0,-0.02083376608788967,-0.03130609169602394,-0.5414235591888428,359.93695068359375,355.69024658203125,294.388916015625,6.282084889017166,6.207965920086952,5.138055865849723,85.69024658203125,65.61108398437499,1.4955769397022625,1.1451294413298632
1622602332.742,35.49500012397766,35.5,0.0005807635025121272,-0.014353751204907894,-0.6510659456253052,1.1217095851898193,358.7950134277344,278.7340087890625,0.01957752551274217,6.262154324051231,4.864826190651954,88.7950134277344,81.26599121093747,1.5497653436665413,1.4183591165276326
1622602333.241,35.99399995803833,36.0,0.013865960761904716,0.07933858036994934,-0.40053698420524597,357.78106689453125,8.971182823181152,312.4390869140625,6.244457618607654,0.15657667806287137,5.45309077857512,98.97118282318115,47.560913085937486,1.727373004857768,0.8300945286044659
1622602333.742,36.49500012397766,36.5,0.009620185941457748,0.061759721487760544,-0.17103536427021027,359.8725280761719,7.166031360626221,340.2569885253906,6.280960502404934,0.1250708415440967,5.938604752688632,97.16603136062622,19.743011474609357,1.6958671683389932,0.34458055449095415
1622602334.241,36.99399995803833,37.0,0.03568560630083084,0.033953484147787094,0.1977212280035019,4.784885406494141,3.0019919872283936,22.961015701293945,0.08351200467395002,0.05239464429562303,0.40074532358969417,93.0019919872284,337.03898429870605,1.6231909710905197,5.882439983589892
1622602334.741,37.49399995803833,37.5,0.05943315103650093,0.004840048961341381,0.4998941421508789,6.181807041168213,357.0733947753906,59.945865631103516,0.10789288659135396,6.232106410104085,1.046252728220865,87.07339477539064,300.0541343688965,1.5197174297193952,5.236932578958721
1622602335.241,37.99399995803833,38.0,0.02744247019290924,-0.007389177102595568,0.6154761910438538,1.9581364393234253,357.3966979980469,75.96472930908203,0.034175928069471936,6.237749115821744,1.3258346418297187,87.39669799804686,284.03527069091797,1.5253601354370545,4.957350665349868
1622602335.741,38.49399995803833,38.5,0.017508257180452347,-0.00277227396145463,0.7502784729003906,1.0881363153457642,358.2845153808594,97.23316192626953,0.018991561413302886,6.2532444523082615,1.6970388177381952,88.28451538085939,262.76683807373047,1.5408554719235719,4.586146489441391
1622602336.241,38.99399995803833,39.0,0.023383729159832,-0.011907556094229221,0.8821965456008911,0.05611800774931908,356.9931945800781,123.88947296142578,0.0009794440048853106,6.230706652635139,2.1622792117373697,86.99319458007815,236.11052703857422,1.5183176722504497,4.1209060954422165
1622602336.74,39.49300003051758,39.5,-0.020901117473840714,0.011173809878528118,-0.9678180813789368,359.3601379394531,357.3602600097656,150.98838806152344,6.2720176074644485,6.237113152953434,2.6352445039524826,87.36026000976565,209.01161193847656,1.5247241725687442,3.6479408032271037
1622602337.238,39.990999937057495,40.0,-0.01759752817451954,0.02502289228141308,-0.9625592827796936,357.780029296875,357.28564453125,148.7876434326172,6.244439509112242,6.235810867180385,2.5968342641824878,87.28564453125003,211.2123565673828,1.5234218867956955,3.6863510429970985
1622602337.739,40.492000102996826,40.5,0.023041291162371635,-0.05288770794868469,0.8234648704528809,356.48065185546875,354.3961486816406,111.31654357910156,6.221761094533563,6.18537965088199,1.942840197395075,84.39614868164062,248.68345642089847,1.4729906704973006,4.340345109784511
1622602338.239,40.992000102996826,41.0,-0.018376145511865616,-0.08669403195381165,0.42406803369522095,353.81585693359375,351.9124450683594,50.833030700683594,6.175251649256419,6.142030845186553,0.8872037544942889,81.9124450683594,309.1669692993164,1.4296418648018632,5.3959815526852974
1622602338.739,41.492000102996826,41.5,-0.02470460906624794,-0.07158878445625305,0.16577641665935516,355.81591796875,352.38079833984375,19.418899536132812,6.2101592995607415,6.150205151836442,0.33892373401951714,82.38079833984376,340.5811004638672,1.4378161714517521,5.944261573160069
1622602339.239,41.992000102996826,42.0,-0.033371299505233765,-0.008914060890674591,-0.09579750150442123,356.2900085449219,358.61737060546875,349.04376220703125,6.218433741067618,6.259053871910161,6.091962884060845,88.61737060546878,10.956237792968755,1.546664891525471,0.1912224231187416
1622602339.739,42.492000102996826,42.5,-0.0451328307390213,-0.014505662955343723,-0.26900529861450195,355.4610595703125,357.00836181640625,328.87237548828125,6.203965852129653,6.2309713708474925,5.739905771125602,87.00836181640624,31.127624511718746,1.5185823904628029,0.5432795360539844
1622602340.239,42.992000102996826,43.0,-0.03561762347817421,-0.038825809955596924,-0.4773420989513397,358.5359191894531,354.1390380859375,302.9644470214844,6.257632276520276,6.1808922244452065,5.2877271170088305,84.13903808593749,57.0355529785156,1.4685032440605168,0.9954581901707558
1622602340.739,43.492000102996826,43.5,-0.023384740576148033,-0.04693768918514252,-0.4142933189868927,359.7923583984375,353.9915771484375,310.9893798828125,6.279561277568207,6.1783185455677545,5.427788617690496,83.99157714843753,49.01062011718747,1.4659295651830648,0.8553966894890905
1622602341.239,43.992000102996826,44.0,-0.06752726435661316,-0.08638706058263779,-0.5299302935600281,358.70794677734375,347.4753723144531,295.7054138183594,6.260634724333231,6.064589316480356,5.161033087102709,77.47537231445312,64.2945861816406,1.3522003360956667,1.1221522200768774
1622602341.739,44.492000102996826,44.5,-0.05713152140378952,-0.0264069102704525,-0.7043994665145874,357.48455810546875,353.2333068847656,270.3605041503906,6.2392825639774125,6.165084232846715,4.7186809647761105,83.23330688476564,89.63949584960939,1.452695252462025,1.5645043424034757
1622602342.238,44.990999937057495,45.0,-0.05898458883166313,-0.039106447249650955,-0.8812326788902283,0.7980709671974182,351.92254638671875,235.82139587402344,0.01392896604217061,6.1422071464507155,4.11585980465068,81.92254638671874,124.17860412597656,1.4298181660660259,2.1673255025289064
1622602342.738,45.490999937057495,45.5,-0.03560040518641472,-0.01444388646632433,-0.9435460567474365,0.22017668187618256,355.6019287109375,218.4379119873047,0.0038428080348555113,6.206424482448014,3.812460775360057,85.60192871093749,141.5620880126953,1.4940355020633245,2.4707245318195294
1622602343.238,45.990999937057495,46.0,-0.036278534680604935,-0.0006898425053805113,-0.9404661059379578,358.6661682128906,356.0604553222656,219.57643127441406,6.259905550826768,6.214427281523703,3.832331685517574,86.06045532226564,140.42356872558594,1.502038301139013,2.450853621662012
1622602343.739,46.492000102996826,46.5,0.001136267906986177,0.0007980703958310187,-0.8275299072265625,-0.002578746760264039,0.1590932011604309,248.30816650390625,-4.500762154174436e-05,0.002776700177787183,4.333795065083462,90.15909320116043,111.69183349609374,1.5735730269726838,1.9493902420961247
1622602344.238,46.990999937057495,47.0,-0.03102867305278778,-0.1238388791680336,-0.6268594264984131,6.344439506530762,346.74609375,280.86187744140625,0.11073135858256608,6.051861004366431,4.901964504685326,76.74609374999999,79.13812255859376,1.3394720239817417,1.3812208024942603
1622602344.738,47.490999937057495,47.5,-0.028632618486881256,-0.11076238751411438,-0.45618298649787903,2.969677448272705,347.1958312988281,304.9960021972656,0.051830649194582294,6.059710405363331,5.323184443762145,77.19583129882814,55.00399780273439,1.3473214249786416,0.9600008634174415
1622602345.238,47.990999937057495,48.0,-0.01794464886188507,-0.07425622642040253,-0.2384636253118515,0.03877657279372215,351.23748779296875,332.3227844238281,0.0006767788678897075,6.130250618420696,5.800126767591128,81.23748779296876,27.677215576171847,1.4178616380360065,0.4830585395884581
1622602345.738,48.490999937057495,48.5,-0.000599989085458219,-0.058386653661727905,0.0581364780664444,359.53936767578125,353.3210144042969,6.703991889953613,6.275145756480855,6.166615017841292,0.11700673150668792,83.32101440429689,353.2960081100464,1.4542260374566025,6.166178575672898
1622602346.238,48.990999937057495,49.0,0.036464206874370575,-0.06979589909315109,0.22312499582767487,2.3026113510131836,351.262939453125,25.691076278686523,0.04018814946897492,6.130694833690521,0.44839386944409215,81.262939453125,334.3089237213135,1.4183058533058315,5.834791437735494
1622602346.738,49.490999937057495,49.5,0.05742506682872772,-0.08072832226753235,0.3921557664871216,2.4367637634277344,348.8896484375,46.18199157714844,0.04252955076510215,6.089273091359865,0.8060278081495291,78.88964843750001,313.81800842285156,1.3768841109751753,5.477157499030057
1622602347.237,49.99000000953674,50.0,0.052289169281721115,-0.09012499451637268,0.4976140856742859,0.02104354090988636,348.03839111328125,60.04246520996094,0.0003672790751556403,6.07441584827053,1.0479387089279668,78.03839111328124,299.957534790039,1.3620268678858407,5.235246598251619
1622602347.737,50.49000000953674,50.5,0.10555298626422882,-0.07719569653272629,0.6546089053153992,3.3254177570343018,345.336181640625,82.21429443359375,0.05803948886453339,6.0272533958941,1.4349101300702576,75.33618164062501,277.78570556640625,1.31486441550941,4.848275177109329
1622602348.251,51.00399994850159,51.0,0.10333481431007385,-0.05145920440554619,0.8174452781677246,1.9122525453567505,346.8782958984375,110.5418472290039,0.0333751030461175,6.054168367134876,1.9293191953826885,76.87829589843749,249.4581527709961,1.3417793867501864,4.353866111796898
1622602348.75,51.503000020980835,51.5,0.10866342484951019,-0.023856844753026962,0.8931097984313965,3.0586445331573486,347.5907287597656,127.6398696899414,0.053383417751720605,6.0666026662644565,2.2277359829059913,77.59072875976565,232.3601303100586,1.3542136858797669,4.055449324273595
1622602349.25,52.003000020980835,52.0,-0.06361556053161621,-0.01916683465242386,-0.9671076536178589,3.9426589012145996,353.47515869140625,151.2837677001953,0.06881237910925662,6.16930534317449,2.640399851190658,83.47515869140626,208.7162322998047,1.4569163627898005,3.6427854559889283
1622602349.75,52.503000020980835,52.5,0.007273112889379263,-0.028328493237495422,-0.9981801509857178,3.1984989643096924,1.0031589269638062,173.9796905517578,0.05582433804883273,0.01750842619629174,3.0365184317290437,91.0031589269638,186.0203094482422,1.5883047529911882,3.2466668754505426
1622602350.25,53.003000020980835,53.0,0.022625723853707314,-0.028594234958291054,-0.9986876249313354,3.370680093765259,2.472242832183838,184.1974639892578,0.05882946566763496,0.04314877733043761,3.2148522204362378,92.47224283218384,175.8025360107422,1.613945104125334,3.0683330867433485
1622602350.75,53.503000020980835,53.5,0.03499017283320427,-0.020929783582687378,-0.9982667565345764,2.5712099075317383,3.9038641452789307,184.95632934570312,0.04487607864632778,0.06813528288567158,3.228096919485529,93.90386414527893,175.04367065429688,1.6389316096805682,3.0550883876940573
1622602351.25,54.003000020980835,54.0,0.24149379134178162,0.030128037557005882,-0.9626820087432861,359.9462890625,28.170520782470703,194.00856018066406,6.282247874475878,0.4916683396556031,3.3860881522061526,118.1705207824707,165.99143981933594,2.0624646664504995,2.8970971549734337
1622602351.75,54.503000020980835,54.5,0.2716856300830841,0.03377882391214371,-0.9486238956451416,1.48916757106781,31.747085571289062,199.4080810546875,0.025990877229059937,0.5540911711313791,3.480327569488024,121.74708557128905,160.5919189453125,2.1248874979262755,2.8028577376915624
1622602352.249,55.00200009346008,55.0,0.2588663697242737,0.04120425507426262,-0.9531912207603455,359.965576171875,30.392385482788086,197.96133422851562,6.282584498037664,0.5304471942099785,3.4550770739285466,120.39238548278809,162.03866577148438,2.101243521004875,2.8281082332510397
1622602352.749,55.50200009346008,55.5,0.24798250198364258,0.04301940277218819,-0.9577323198318481,359.1263732910156,29.1427001953125,196.3232421875,6.267937644674447,0.5086360713297977,3.42648697436211,119.1427001953125,163.6767578125,2.0794323981246943,2.8566983328174764
1622602353.249,56.00200009346008,56.0,0.24310152232646942,0.03942946344614029,-0.959690272808075,359.3588562011719,28.508182525634766,195.90211486816406,6.271995236911291,0.4975616488318394,3.4191369160696,118.50818252563477,164.09788513183594,2.068357975626736,2.864048391109986
1622602353.749,56.50200009346008,56.5,0.19304649531841278,0.017375046387314796,-0.9807153344154358,358.48870849609375,22.303863525390625,182.6307373046875,6.256808294479006,0.3892758544335363,3.187507681311631,112.30386352539062,177.3692626953125,1.960072181228433,3.095677625867955
1622602354.249,57.00200009346008,57.0,0.15275490283966064,-0.02786935493350029,-0.9218143820762634,356.5650939941406,17.542926788330078,137.32679748535156,6.223234887880813,0.3061818328926742,2.396804767338854,107.54292678833008,222.67320251464844,1.8769781596875708,3.886380539840732
1622602354.748,57.50099992752075,57.5,-0.07869885861873627,0.03939905762672424,0.7598843574523926,357.5863342285156,9.808506965637207,99.22407531738281,6.241058892424495,0.1711907412551676,1.7317868115351676,99.8085069656372,260.7759246826172,1.7419870680500642,4.551398495644419
1622602355.248,58.00099992752075,58.0,-0.027850501239299774,0.09296312183141708,0.4060828983783722,1.4530227184295654,11.044107437133789,48.30009078979492,0.025360030542874407,0.19275603772197727,0.8429956132941098,101.04410743713379,311.6999092102051,1.7635523645168738,5.440189693885476
1622602355.748,58.50099992752075,58.5,0.028763921931385994,0.08582296222448349,0.09518494457006454,4.265777587890625,9.478819847106934,11.322920799255371,0.0744518640664732,0.16543661553540148,0.19762224888955413,99.47881984710693,348.67707920074463,1.736232942330298,6.085563058290032
1622602356.248,59.00099992752075,59.0,0.0711180791258812,-0.043336715549230576,-0.01742059551179409,8.264140129089355,355.18829345703125,357.64886474609375,0.14423645509879846,6.199205185365027,6.242150255839209,85.18829345703124,2.351135253906266,1.4868162049803377,0.041035051340377215
1622602356.748,59.50099992752075,59.5,0.05516155809164047,-0.10083001852035522,-0.11851310729980469,7.762139320373535,349.2911682128906,345.5675354003906,0.13547488813903316,6.0962809334523,6.031291280738878,79.29116821289065,14.432464599609354,1.38389195306761,0.25189402644070835
1622602357.248,60.00099992752075,60.0,-0.00017409770225640386,-0.06602232903242111,-0.1851518154144287,1.393096923828125,352.5574035644531,338.522216796875,0.02431412812020543,6.153287494482099,5.908327274255521,82.55740356445312,21.47778320312498,1.4408985140974098,0.37485803292406494
1622602357.747,60.5,60.5,-0.05468403175473213,-0.05523376911878586,-0.31079503893852234,355.9891052246094,352.03106689453125,323.95147705078125,6.213181987397982,6.14410118661798,5.654019891234983,82.03106689453124,36.048522949218736,1.43171220623329,0.6291654159446036
1622602358.247,61.0,61.0,-0.07408596575260162,-0.0491512157022953,-0.5721985101699829,356.247314453125,350.5069580078125,290.1861572265625,6.217688588594614,6.117500468385833,5.064703887313453,80.50695800781253,69.81384277343747,1.4051114880011433,1.2184814198661336
1622602358.747,61.5,61.5,-0.085969939827919,-0.018502024933695793,-0.768703043460846,355.3265380859375,351.047607421875,259.3537902832031,6.201618009312639,6.126936580760201,4.526577567968771,81.047607421875,100.64620971679688,1.4145476003755117,1.756607739210815
1622602359.247,62.0,62.0,-0.06969458609819412,-0.017521707341074944,-0.7951135039329529,356.757080078125,352.418701171875,254.4926300048828,6.22658567716435,6.150866681051218,4.441734315644918,82.41870117187503,105.5073699951172,1.4384777006665281,1.8414509915346686
1622602359.747,62.5,62.5,-0.04926025867462158,-0.015226298943161964,-0.6178263425827026,356.6349182128906,355.13763427734375,283.7077941894531,6.224453550395633,6.1983210158831215,4.951635122176394,85.13763427734376,76.29220581054689,1.4859320354984318,1.3315501850031923
1622602360.247,63.0,63.0,0.01996004953980446,-0.016118576750159264,0.08502108603715897,2.1230013370513916,357.9653625488281,9.719989776611328,0.03705336335578867,6.247674184572252,0.1696458248620558,87.96536254882812,350.2800102233887,1.535285204187562,6.11353948231753
1622602360.747,63.5,63.5,0.034571316093206406,0.012739944271743298,0.3017866611480713,4.218462944030762,0.1952316164970398,35.1617317199707,0.07362606774671007,0.003407434511864223,0.6136879892164175,90.19523161649704,324.8382682800293,1.5742037613067608,5.6694973179631685
1622602361.246,63.99900007247925,64.0,0.0344136543571949,0.008962552063167095,0.4335215389728546,3.999767303466797,359.21514892578125,51.38999938964844,0.06980910875911081,6.269487071796655,0.8969246919472416,89.21514892578125,308.61000061035156,1.557098091411965,5.386260615232345
1622602361.746,64.49900007247925,64.5,0.02209044247865677,0.0001433557627024129,0.5631331205368042,2.1014580726623535,358.5879211425781,68.5386734008789,0.03667736246057231,6.258539881819775,1.1962255157943964,88.58792114257814,291.4613265991211,1.5461509014350856,5.08695979138519
1622602362.246,64.99900007247925,65.0,0.01593082584440708,-0.0020871239248663187,0.5143083930015564,1.4427509307861328,358.85595703125,61.896942138671875,0.02518075402843084,6.263217990590609,1.0803054372362448,88.85595703125003,298.1030578613281,1.550829010205919,5.202879869943342
1622602362.741,65.49399995803833,65.5,0.02828926406800747,-0.019977739080786705,0.6252192258834839,1.0986974239349365,356.18548583984375,77.41509246826172,0.019175887530844597,6.216609475720913,1.3511482543070308,86.18548583984375,282.5849075317383,1.5042204953362237,4.9320370528725554
1622602363.244,65.99699997901917,66.0,0.04205594211816788,-0.015024270862340927,0.5911800265312195,2.8722081184387207,355.7606201171875,72.45916748046875,0.05012948846926693,6.209194169981697,1.2646510457881837,85.76062011718753,287.54083251953125,1.4968051895970076,5.018534261391403
1622602363.744,66.49699997901917,66.5,0.04802862927317619,0.012520081363618374,0.6288725137710571,5.184085369110107,357.6514587402344,77.94207000732422,0.09047935839543692,6.2421955295777405,1.3603457474477285,87.65145874023436,282.0579299926758,1.5298065491930508,4.922839559731858
1622602364.245,66.99799990653992,67.0,0.03198966011404991,0.021734895184636116,0.6705372929573059,4.390439987182617,359.38720703125,84.27117156982422,0.07662763338755431,6.272490052241828,1.4708094084064711,89.38720703125,275.7288284301758,1.5601010718571384,4.812375898773115
1622602364.745,67.49799990653992,67.5,0.02078365534543991,0.024560540914535522,0.6689285635948181,3.653937816619873,0.49694573879241943,84.03813171386719,0.06377324556314956,0.008673339345683428,1.4667420956316477,90.49694573879242,275.9618682861328,1.57946966614058,4.816443211547939
1622602365.245,67.99799990653992,68.0,0.027384309098124504,0.02871820516884327,0.6733512282371521,4.537376403808594,0.3165217339992523,84.74732208251953,0.07919215764875974,0.005524346412408632,1.4791198025880634,90.31652173399925,275.25267791748047,1.5763206732073052,4.804065504591523
1622602365.744,68.49699997901917,68.5,0.030607795342803,0.04281836003065109,0.6664820909500122,5.890398979187012,1.3113616704940796,83.802001953125,0.1028068564429263,0.022887578834574665,1.46262085384475,91.31136167049408,276.197998046875,1.5936839056294712,4.820564453334836
1622602366.244,68.99699997901917,69.0,0.02391302026808262,0.047280944883823395,0.673407256603241,5.682389259338379,2.150285482406616,84.91481018066406,0.09917640195541665,0.037529561525830056,1.482043021358589,92.15028548240662,275.08518981933594,1.6083258883207265,4.801142285820998
1622602366.745,69.49799990653992,69.5,0.026819219812750816,0.051563773304224014,0.6683029532432556,6.245532512664795,2.328810930252075,84.17395782470703,0.10900510588635512,0.04064541838933073,1.4691127084759816,92.32881093025208,275.82604217529297,1.6114417451842273,4.814072598703604
1622602367.244,69.99699997901917,70.0,0.029415063560009003,0.058060117065906525,0.6667523384094238,6.9633660316467285,2.6931045055389404,84.01570892333984,0.12153366427376708,0.04700354072194838,1.4663507441094605,92.69310450553894,275.98429107666016,1.617799867516845,4.816834563070126
1622602367.744,70.49699997901917,70.5,0.031743668019771576,0.058112211525440216,0.6645334959030151,7.158365249633789,2.5400991439819336,83.67634582519531,0.12493704266645543,0.04433309338957425,1.4604277406870698,92.54009914398193,276.3236541748047,1.6151294201844708,4.822757566492516
1622602368.244,70.99699997901917,71.0,0.0397174209356308,0.0006634552264586091,0.5390281081199646,3.8765299320220947,357.6100158691406,65.21205139160156,0.06765821086589752,6.241472215025675,1.1381650087631974,87.61001586914064,294.78794860839844,1.5290832346409857,5.145020298416389
1622602368.744,71.49699997901917,71.5,0.03083466924726963,0.027931639924645424,0.20865538716316223,4.127501010894775,2.390878200531006,24.194486618041992,0.07203848251950817,0.041728696613423294,0.42227345231454044,92.390878200531,335.805513381958,1.61252502340832,5.860911854865046
1622602369.244,71.99699997901917,72.0,-0.01194338034838438,0.056994255632162094,-0.2885001003742218,356.78936767578125,5.85713529586792,326.24066162109375,6.227149202051011,0.10222629564766743,5.693973699172787,95.85713529586792,33.759338378906264,1.673022622442564,0.5892116080067993
1622602369.744,72.49699997901917,72.5,-0.010817870497703552,0.05580717325210571,-0.5045263767242432,355.685791015625,4.8899712562561035,299.1073913574219,6.207888155783122,0.08534609874955237,5.220408796238243,94.8899712562561,60.89260864257811,1.656142425544449,1.062776510941343
1622602370.244,72.99699997901917,73.0,-0.018242118880152702,0.0340966060757637,-0.6586124897003174,355.8506164550781,1.5596351623535156,277.4801330566406,6.210764902392626,0.02722076871294516,4.842941930710336,91.55963516235352,82.51986694335938,1.5980170955078417,1.4402433764692502
1622602370.744,73.49699997901917,73.5,-0.022817326709628105,0.002388247987255454,-0.8953192830085754,358.5906677246094,357.78021240234375,232.86767578125,6.258587818719397,6.244442704905549,4.064307663849471,87.78021240234374,127.13232421875001,1.5320537245208596,2.2188776433301154
1622602371.243,73.99600005149841,74.0,-0.08057889342308044,-0.11688227206468582,-0.8875851631164551,8.116316795349121,345.7896728515625,231.5399169921875,0.14165645121375695,6.035168310653815,4.041133901308037,75.78967285156251,128.4600830078125,1.3227793302691255,2.242051405871549
1622602371.743,74.49600005149841,74.5,-0.15966607630252838,-0.20319655537605286,-0.693489134311676,4.426395893096924,330.3458557128906,267.06927490234375,0.07725518233129626,5.765622852508061,4.661238177959756,60.34585571289063,92.93072509765622,1.0532338721233714,1.62194712921983
1622602372.243,74.99600005149841,75.0,-0.20374532043933868,-0.2749811112880707,-0.592370331287384,2.1369166374206543,320.02093505859375,281.05731201171875,0.037296231163636284,5.585418992083413,4.9053754814095,50.02093505859376,78.94268798828122,0.8730300116987237,1.3778098257700861
1622602372.743,75.49600005149841,75.5,-0.15750989317893982,-0.161476731300354,-0.3973715603351593,350.40289306640625,335.6413269042969,313.93194580078125,6.115684192522399,5.858046260242607,5.47914608141602,65.64132690429688,46.06805419921872,1.1456572798579172,0.8040392257635665
1622602373.243,75.99600005149841,76.0,-0.037666499614715576,-0.1017831414937973,-0.14718526601791382,357.41400146484375,347.8060607910156,343.24725341796875,6.238051118289359,6.070360919194776,5.990794720570915,77.80606079101564,16.75274658203122,1.3579719388100866,0.2923905866086711
1622602373.743,76.49600005149841,76.5,0.00829289574176073,-0.09680400043725967,0.19273824989795685,358.76678466796875,348.9164123535156,22.451919555664062,6.261661639249566,6.089740209815065,0.39185991963924016,78.91641235351564,337.54808044433594,1.3773512294303751,5.891325387540346
1622602374.243,76.99600005149841,77.0,0.03372746706008911,-0.08287110924720764,0.3183799386024475,0.6340976357460022,349.7529602050781,37.228118896484375,0.011067091522879428,6.104340724175315,0.6497532490675704,79.75296020507812,322.7718811035156,1.3919517437906253,5.633432058112016
1622602374.742,77.49500012397766,77.5,0.031588152050971985,-0.061697836965322495,0.2700641453266144,1.5816243886947632,352.2087707519531,31.305957794189453,0.027604553112566196,6.147202704023487,0.5463920389989873,82.20877075195315,328.69404220581055,1.434813723638797,5.736793268180599
1622602375.242,77.99500012397766,78.0,0.031249012798070908,-0.04871049523353577,0.2550635039806366,2.045346736907959,353.6863708496094,29.492630004882812,0.03569803490396611,6.172991690755378,0.5147434986576764,83.68637084960939,330.5073699951172,1.4606027103706882,5.76844180852191
1622602375.742,78.49500012397766,78.5,0.033029187470674515,-0.048331838101148605,0.25167617201805115,2.27685546875,353.684326171875,29.079004287719727,0.039738624521726364,6.172956004396771,0.5075243680222578,83.68432617187503,330.9209957122803,1.4605670240120814,5.775660939157328
1622602376.242,78.99500012397766,79.0,0.028850698843598366,-0.04360516369342804,0.25784581899642944,1.910918951034546,354.3175048828125,29.831602096557617,0.03335182743430913,6.184007057656164,0.5206596777297738,84.31750488281251,330.1683979034424,1.471618077271474,5.762525629449812
1622602376.742,79.49500012397766,79.5,0.023728057742118835,-0.04157227650284767,0.24755114316940308,1.4582645893096924,354.70947265625,28.631519317626953,0.025451518448697037,6.190848185864359,0.49971428194095047,84.70947265625003,331.36848068237305,1.4784592054796697,5.783471025238636
1622602377.242,79.99500012397766,80.0,0.019567761570215225,-0.019218778237700462,0.14039698243141174,1.9122090339660645,357.5047302246094,16.106101989746094,0.03337434362908791,6.2396346338735205,0.28110450938307935,87.50473022460938,343.8938980102539,1.5272456534888308,6.0020807977965065
1622602377.742,80.49500012397766,80.5,-0.033446867018938065,0.016787700355052948,-0.40647584199905396,355.71514892578125,0.1982506960630417,311.98956298828125,6.208400547976853,0.0034601273906706372,5.445245106003747,90.19825069606304,48.01043701171873,1.5742564541855673,0.8379402011758392
1622602378.241,80.99399995803833,81.0,-0.020863452926278114,-0.01340933982282877,-0.49596863985061646,358.685546875,357.4797058105469,300.54150390625,6.260243772285207,6.239197875454748,5.245438782059462,87.47970581054689,59.45849609375,1.526808895070058,1.0377465251201246
1622602378.741,81.49399995803833,81.5,0.014328358694911003,-0.02476184070110321,-0.5379031896591187,2.911902904510498,358.49237060546875,294.8497009277344,0.05082229318209423,6.2568722103451675,5.146098079709544,88.49237060546876,65.15029907226561,1.5444832299604778,1.137087227470042
1622602379.241,81.99399995803833,82.0,-0.027451539412140846,-0.03735779598355293,-0.06987757235765457,357.15460205078125,355.509765625,352.0890197753906,6.233523744436225,6.204815933149606,6.145112655199992,85.509765625,7.910980224609371,1.4924269527649168,0.13807265197959406
1622602379.741,82.49399995803833,82.5,0.017903437837958336,-0.02515779621899128,0.2837325930595398,1.1503244638442993,356.6530456542969,32.94878005981445,0.02007694936032149,6.224769933933135,0.5750646965592164,86.6530456542969,327.05121994018555,1.512380953548445,5.7081206106203695
1622602380.241,82.99399995803833,83.0,0.020202623680233955,-0.02413308061659336,0.5413849353790283,0.4487800896167755,356.42083740234375,65.5784912109375,0.00783269018120795,6.220717135386252,1.1445605901210225,86.42083740234378,294.4215087890625,1.5083281550015624,5.138624717058564
1622602380.741,83.49399995803833,83.5,0.051376715302467346,-0.025155575945973396,0.7005506157875061,2.1815102100372314,353.81317138671875,89.00914764404297,0.038074535831022736,6.175204777621234,1.5535026907823035,83.81317138671878,270.99085235595703,1.4628157972365443,4.729682616397283
1622602381.24,83.99300003051758,84.0,0.05407560616731644,-0.008557410910725594,0.863929808139801,2.267432451248169,354.1454772949219,119.701416015625,0.03957416184084636,6.1810046098432085,2.0891838287721285,84.1454772949219,240.298583984375,1.4686156294585189,4.194001478407458
1622602381.74,84.49300003051758,84.5,-0.02932816743850708,-0.008929228410124779,-0.9546987414360046,1.9745460748672485,357.0931091308594,145.49929809570312,0.034462330238763945,6.232450490516923,2.539441811110735,87.0931091308594,214.50070190429688,1.5200615101322335,3.743743496068851
1622602382.24,84.99300003051758,85.0,-0.04147457703948021,-0.014690106734633446,-0.9976993799209595,1.931350827217102,355.3399658203125,174.00311279296875,0.033708430946054545,6.201852367488566,3.036927226956371,85.3399658203125,185.99688720703125,1.4894633871038767,3.2462580802232153
1622602382.74,85.49300003051758,85.5,-0.03413623571395874,-0.019586114212870598,-0.997346043586731,2.0042386054992676,355.95782470703125,186.95809936523438,0.034980562661541946,6.212636039374515,3.2630343971940605,85.95782470703124,173.04190063476562,1.5002470589898254,3.0201509099855257
1622602383.24,85.99300003051758,86.0,-0.014931418932974339,0.03146399185061455,-0.9464174509048462,357.1324462890625,357.22198486328125,142.59161376953125,6.233137053445946,6.2346997963736035,2.4886931460104034,87.22198486328124,217.40838623046872,1.5223108159889138,3.794492161169183
1622602383.74,86.49300003051758,86.5,0.005079692229628563,-0.04211713373661041,0.8576627969741821,356.1509094238281,357.0261535644531,118.38272857666016,6.216006003417902,6.231281895430596,2.0661683911575,87.02615356445315,241.61727142333982,1.5188929150459067,4.217016916022086
1622602384.24,86.99300003051758,87.0,0.028758734464645386,-0.020414911210536957,0.8432185053825378,359.7946472167969,355.96295166015625,115.08235168457031,6.279601224984558,6.212725521587142,2.008565947833795,85.96295166015628,244.9176483154297,1.5003365412024525,4.274619359345792
1622602384.74,87.49300003051758,87.5,0.047854650765657425,-0.012306587770581245,0.7561517357826233,2.5226407051086426,354.9266052246094,98.30249786376953,0.04402838614897715,6.194637864095542,1.7157022506574706,84.92660522460939,261.69750213623047,1.4822488837108523,4.567483056522116
1622602385.239,87.99200010299683,88.0,0.05091828480362892,-0.025861212983727455,0.5804771780967712,3.036193609237671,354.1959533691406,70.9478759765625,0.05299157520920748,6.181885583531806,1.238274033087603,84.19595336914062,289.0521240234375,1.4694966031471166,5.044911274091984
1622602385.739,88.49200010299683,88.5,0.011864501051604748,-0.006163841113448143,0.3609687387943268,1.013071894645691,358.85052490234375,42.31320571899414,0.01768144012098442,6.263123182055802,0.7385047568701423,88.85052490234378,317.68679428100586,1.550734201671112,5.544680550309444
1622602386.239,88.99200010299683,89.0,-0.013108223676681519,0.004937006160616875,0.15579459071159363,358.6042785644531,0.7928181886672974,17.91788101196289,6.258825372688632,0.013837287761941933,0.3127260186393259,90.7928181886673,342.0821189880371,1.5846336145568385,5.97045928854026
1622602386.739,89.49200010299683,89.5,-0.04790165647864342,-0.033475134521722794,-0.09458400309085846,354.8863220214844,355.66448974609375,349.3203125,6.193934789567761,6.2075163784949465,6.096789597220504,85.66448974609374,10.679687499999996,1.4951273981102569,0.18639570995908183
1622602387.239,89.99200010299683,90.0,-0.03763352334499359,-0.03904213756322861,-0.23840168118476868,356.8696594238281,354.6258850097656,332.52105712890625,6.228550557416611,6.189389306219214,5.803587279111577,84.62588500976564,27.478942871093736,1.4770003258345241,0.47959802806800944
1622602387.739,90.49200010299683,90.5,-0.015504966489970684,-0.016243375837802887,-0.4242037534713745,359.18035888671875,357.5605163574219,309.8033447265625,6.268879871068116,6.240608285568054,5.4070883991695275,87.56051635742189,50.196655273437486,1.528219305183364,0.8760969080100587
1622602388.239,90.99200010299683,91.0,0.015245595946907997,-0.018740300089120865,-0.4046424627304077,2.467362642288208,358.7436828613281,312.220703125,0.04306360194863631,6.261258436660528,5.449279262422999,88.74368286132812,47.779296875,1.5488694562758383,0.8339060447565876
1622602388.738,91.4909999370575,91.5,0.013967118225991726,0.005585851613432169,-0.20509149134159088,1.4353785514831543,0.9547069668769836,336.33953857421875,0.02505208173588798,0.01666277996373181,5.870232352758592,90.95470696687698,23.660461425781232,1.5874591067586283,0.41295295442099444
1622602389.238,91.9909999370575,92.0,0.017472943291068077,0.04908084496855736,0.27409517765045166,3.478950262069702,4.857924938201904,32.00823211669922,0.0607191365862359,0.0847867849863653,0.5586490381789952,94.8579249382019,327.9917678833008,1.6555831117812618,5.724536269000591
1622602389.738,92.4909999370575,92.5,-0.0665072426199913,0.10627435147762299,0.6497504115104675,2.269052267074585,14.22805404663086,82.11003875732422,0.039602432960293234,0.2483263892654113,1.4330905252554609,104.22805404663086,277.8899612426758,1.8191227160603078,4.850094781924126
1622602390.238,92.9909999370575,93.0,-0.14785385131835938,0.08736216276884079,0.7815393209457397,357.51751708984375,19.627193450927734,104.5653305053711,6.23985780677287,0.34255914864455705,1.8250093007547918,109.62719345092773,255.43466949462893,1.9133554754394537,4.458176006424795
1622602390.738,93.4909999370575,93.5,-0.18794839084148407,0.09514967352151871,0.9119920134544373,2.5913784503936768,24.19209098815918,138.3472137451172,0.04522808612459821,0.42223164068542623,2.41461439081265,114.19209098815918,221.6527862548828,1.9930279674803228,3.868570916366936
1622602391.237,93.99000000953674,94.0,0.16954471170902252,-0.09782949090003967,-0.967124342918396,8.268033027648926,21.082082748413086,162.48358154296875,0.1443043989961091,0.3679517571377037,2.835873478357493,111.08208274841309,197.51641845703125,1.9387480839326003,3.447311828822093
1622602391.737,94.49000000953674,94.5,0.17429640889167786,-0.08100598305463791,-0.9765320420265198,11.717564582824707,18.945459365844727,193.32785034179688,0.20451008228536693,0.3306606442367874,3.3742075242672005,108.94545936584473,166.6721496582031,1.901456971031684,2.9089777829123857
1622602392.237,94.99000000953674,95.0,0.15972453355789185,0.031729258596897125,-0.9113171100616455,3.8039305210113525,18.36775779724121,225.68496704101562,0.06639111210875144,0.3205778497707202,3.938945747120607,108.36775779724121,134.31503295898438,1.8913741765656167,2.344239560058979
1622602392.75,95.50300002098083,95.5,0.12593865394592285,0.08104569464921951,-0.8211245536804199,0.33737337589263916,17.22317886352539,247.75270080566406,0.005888276217895017,0.3006011788284132,4.324100359767246,107.2231788635254,112.24729919433594,1.8713975056233099,1.9590849474123404
1622602393.25,96.00300002098083,96.0,-0.043028611689805984,-0.01736627332866192,-0.8861376643180847,359.48773193359375,354.7055969238281,235.00323486328125,6.274244542767972,6.190780541572671,4.101580201201784,84.70559692382815,124.99676513671874,1.4783915611879817,2.181605105977802
1622602393.75,96.50300002098083,96.5,-0.1301698088645935,-0.05649488419294357,-0.9036629796028137,359.8157653808594,343.685302734375,228.20773315429688,6.279969806479425,5.998440123428314,3.982976322055105,73.68530273437501,131.79226684570312,1.2860511430436246,2.300208985124481
1622602394.25,97.00300002098083,97.0,-0.21697083115577698,-0.014674732461571693,-0.9760674238204956,1.835515022277832,334.9422607421875,179.49234008789062,0.03203578060856524,5.845845254024518,3.1327323166430996,64.94226074218749,180.50765991210938,1.133456273639828,3.1504529905364866
1622602394.75,97.50300002098083,97.5,-0.22220708429813385,0.062398601323366165,-0.9436888694763184,359.20281982421875,333.32244873046875,151.99032592773438,6.269271888380576,5.817574201156673,2.6527316186182697,63.32244873046877,208.00967407226562,1.1051852207719834,3.6304536885613166
1622602395.25,98.00300002098083,98.0,0.21120527386665344,-0.08752074837684631,0.8862676024436951,0.9610086679458618,333.58441162109375,130.889892578125,0.01677276539586018,5.822146316116121,2.2844595830699705,63.58441162109376,229.110107421875,1.1097573357314312,3.9987257241096157
1622602395.75,98.50300002098083,98.5,0.21742957830429077,-0.08773048222064972,0.8123937845230103,5.750125885009766,333.4515380859375,112.01752471923828,0.10035862909757326,5.81982723543888,1.9550746262848446,63.451538085937514,247.98247528076175,1.1074382550541904,4.328110680894742
1622602396.25,99.00300002098083,99.0,0.16843725740909576,-0.1356014460325241,0.7726748585700989,359.4632263183594,335.029052734375,104.75170135498047,6.273816839096906,5.847360060052555,1.8282620857102145,65.029052734375,255.24829864501953,1.1349710796678654,4.454923221469372
1622602396.749,99.50200009346008,99.5,-0.1524716466665268,0.052582673728466034,-0.9624543786048889,357.90740966796875,341.55133056640625,154.77748107910156,6.246662715990239,5.961195282951338,2.7013766527735483,71.55133056640625,205.22251892089844,1.2488063025666483,3.581808654406038
1622602397.249,100.00200009346008,100.0,-0.06172831356525421,-0.02863621711730957,-0.9939500689506531,3.9015982151031494,353.2364501953125,169.85470581054688,0.06809573494348391,6.16513909396517,2.964523866400387,83.23645019531249,190.14529418945312,1.4527501135804801,3.3186614407791994
1622602397.749,100.50200009346008,100.5,-0.05810413509607315,0.029967939481139183,-0.9907354116439819,355.77667236328125,353.80010986328125,193.93104553222656,6.209474334528373,6.1749768110319225,3.3847352663723926,83.80010986328124,166.06895446777344,1.4625878306472329,2.8984500408071936
1622602398.249,101.00200009346008,101.0,-0.07629279792308807,-0.0026254102122038603,-0.944076657295227,357.45166015625,351.62005615234375,217.71900939941406,6.238708386446391,6.136927695905743,3.7999135582002577,81.62005615234376,142.2809906005859,1.4245387155210532,2.4832717489793286
1622602398.749,101.50200009346008,101.5,-0.0795707255601883,-0.013447964563965797,-0.8837153911590576,357.1231384277344,351.1971435546875,235.32159423828125,6.232974600619451,6.1295464786284795,4.107136620500126,81.19714355468753,124.67840576171874,1.4171574982437898,2.1760486866794606
1622602399.249,102.00200009346008,102.0,-0.06465025246143341,-0.022212626412510872,-0.7145164608955383,356.6328430175781,352.9162902832031,268.7265625,6.2244173314048075,6.159551249365966,4.690163303191325,82.91629028320312,91.27343749999999,1.447162268981276,1.5930220039882617
1622602399.748,102.50099992752075,102.5,-0.10163114219903946,-0.02807631343603134,-0.666860044002533,353.4366455078125,349.806640625,276.3595275878906,6.168633161315354,6.105277624246805,4.823383675664794,79.80664062500003,83.64047241210938,1.3928886438621157,1.4598016315147921
1622602400.248,103.00099992752075,103.0,-0.09345771372318268,-0.05790645629167557,-0.8051303029060364,359.0786437988281,347.4090270996094,251.90179443359375,6.26710460788547,6.06343137403839,4.396515704548135,77.40902709960939,108.09820556640625,1.3510423936537004,1.886669602631451
1622602400.748,103.50099992752075,103.5,-0.12394510954618454,-0.01040811836719513,-0.9437054395675659,356.6728210449219,346.0948181152344,216.3930206298828,6.225115079610409,6.040494100201755,3.7767706883274688,76.09481811523436,143.6069793701172,1.3281051198170655,2.5064146188521175
1622602401.248,104.00099992752075,104.0,-0.11559644341468811,-0.03301553055644035,-0.9900662899017334,2.8602731227874756,346.484375,188.08465576171875,0.0499211834989415,6.047293150464728,3.2826965155221157,76.484375,171.91534423828122,1.334904170080038,3.0004887916574705
1622602401.748,104.50099992752075,104.5,-0.10064323246479034,-0.04847392439842224,-0.9831289052963257,7.274604797363281,349.4059753417969,162.56295776367188,0.12696580549536418,6.098284695856475,2.837258854756552,79.40597534179689,197.43704223632812,1.3858957154717855,3.445926452423034
1622602402.248,105.00099992752075,105.0,0.07670234143733978,0.00947504211217165,0.9318829774856567,4.169570446014404,352.16973876953125,138.06707763671875,0.07277273267679983,6.146521467416644,2.4097250933673737,82.16973876953125,221.93292236328125,1.4341324870319543,3.8734602138122125
1622602402.748,105.50099992752075,105.5,0.07338492572307587,-0.002497950568795204,0.8829653859138489,3.680983304977417,352.4200744628906,124.34664154052734,0.0642452783827985,6.1508906495010285,2.1702583086793563,82.42007446289065,235.65335845947266,1.4385016691163388,4.11292699850023
1622602403.247,106.0,106.0,0.07455118000507355,-0.007728158961981535,0.809381902217865,4.29962682723999,352.5486755371094,108.23773956298828,0.07504264474241525,6.1531351616677465,1.8891049302902738,82.54867553710936,251.76226043701172,1.4407461812830569,4.394080376889312
1622602403.747,106.5,106.5,0.06864307075738907,-0.027991285547614098,0.7288092970848083,3.0472097396850586,352.0584716796875,93.69881439208984,0.05318384295634359,6.144579490349758,1.6353528163570168,82.05847167968751,266.30118560791016,1.4321905099650687,4.647832490822569
1622602404.247,107.0,107.0,0.08025659620761871,-0.03935141861438751,0.6232800483703613,4.395847797393799,350.7242126464844,77.12286376953125,0.0767220174810624,6.121292277145887,1.3460479013453654,80.72421264648436,282.8771362304688,1.4089032967611974,4.937137405834221
1622602404.747,107.5,107.5,0.06483583897352219,-0.061469659209251404,0.5236765742301941,2.6461989879608154,350.09222412109375,63.21202087402344,0.04618488500285802,6.110261996542997,1.1032578910910926,80.09222412109374,296.78797912597656,1.3978730161583073,5.179927416088494
1622602405.247,108.0,108.0,0.06194249168038368,-0.0829721987247467,0.4348287284374237,2.262575149536133,348.3277587890625,51.61671829223633,0.03948938593320857,6.079466266961757,0.9008816832739086,78.32775878906249,308.3832817077637,1.367077286577067,5.382303623905678
1622602405.747,108.5,108.5,0.07728179544210434,-0.08538799732923508,0.29577821493148804,5.635515213012695,348.0146484375,34.05410385131836,0.09835829551330112,6.074001460404914,0.5943562360215869,78.01464843749999,325.94589614868164,1.3616124800202245,5.688829071158
1622602406.247,109.0,109.0,0.06714405119419098,-0.08435267955064774,0.17434392869472504,5.9630327224731445,349.1326904296875,19.632213592529297,0.10407455441131763,6.093514974344143,0.3426467666444207,79.1326904296875,340.3677864074707,1.3811259939594533,5.940538540535165
1622602406.746,109.49900007247925,109.5,0.03874194622039795,-0.0941871628165245,0.00510820746421814,4.444674968719482,349.17626953125,0.16713586449623108,0.07757421238513094,6.09427557315147,0.002917071133626326,79.17626953125003,359.83286413550377,1.3818865927667803,6.28026823604596
1622602407.246,109.99900007247925,110.0,0.0004318011924624443,-0.08331062644720078,-0.17928200960159302,1.7842544317245483,350.60858154296875,339.12469482421875,0.031141114526893734,6.1192741336718255,5.91884249950359,80.60858154296876,20.875305175781225,1.4068851532871358,0.364342807675996
1622602407.746,110.49900007247925,110.5,-0.028656713664531708,-0.07711288332939148,-0.3204731047153473,359.7293395996094,350.5662536621094,322.50738525390625,6.278461392038004,6.118535372785438,5.628815734678472,80.56625366210939,37.49261474609377,1.406146392400748,0.654369572501114
1622602408.246,110.99900007247925,111.0,-0.023014262318611145,-0.08592117577791214,-0.44342198967933655,2.045248508453369,349.99847412109375,306.950439453125,0.03569632049401437,6.108625750369253,5.357295808900534,79.99847412109378,53.049560546875,1.3962367699845633,0.9258894982790524
1622602408.746,111.49900007247925,111.5,-0.041161876171827316,-0.10550873726606369,-0.27387893199920654,358.7751770019531,347.0509948730469,328.13720703125,6.26180811310952,6.057182532856628,5.7270746609936,77.05099487304689,31.862792968749986,1.3447935524719385,0.5561106461859859
1622602409.246,111.99900007247925,112.0,-0.029824405908584595,-0.1057552769780159,-0.09258370846509933,357.6851501464844,347.5939636230469,349.56219482421875,6.24278355554643,6.066659125279566,6.101011240180498,77.59396362304688,10.437805175781227,1.3542701448948762,0.1821740669990879
1622602409.746,112.49900007247925,112.5,0.013424062170088291,-0.11018519103527069,0.14493268728256226,359.6744384765625,347.2581787109375,16.807491302490234,6.2775031866777935,6.060798572984738,0.2933460622287648,77.25817871093753,343.19250869750977,1.3484095926000483,5.989839244950821
1622602410.245,112.99799990653992,113.0,0.018328389152884483,-0.11575468629598618,0.2635469138622284,358.4736328125,346.6245422363281,30.95754623413086,6.256545174163306,6.049739530242075,0.5403111101239548,76.62454223632815,329.04245376586914,1.3373505498573852,5.742874197055631
1622602410.745,113.49799990653992,113.5,0.028527062386274338,-0.09557170420885086,0.38107484579086304,358.80767822265625,348.61322021484375,45.156227111816406,6.262375366421707,6.084448508729078,0.788124840879526,78.61322021484378,314.8437728881836,1.372059528344388,5.49506046630006
1622602411.245,113.99799990653992,114.0,0.03340473398566246,-0.08177976310253143,0.4948781132698059,358.6506042480469,349.9531555175781,59.6983528137207,6.259633908395579,6.107834791525499,1.0419328146166473,79.95315551757812,300.3016471862793,1.3954458111408092,5.241252492562939
1622602411.745,114.49799990653992,114.5,0.05310649797320366,-0.06480011343955994,0.6115807890892029,0.24989674985408783,350.39129638671875,75.69963836669922,0.004361521074986492,6.115481792279553,1.321207932067924,80.39129638671878,284.3003616333008,1.4030928118948633,4.961977375111662
1622602412.245,114.99799990653992,115.0,0.03418859466910362,-0.07621138542890549,0.7412880063056946,356.0867004394531,351.24578857421875,96.42694091796875,6.214885345231196,6.130395494383996,1.682967606644598,81.24578857421874,263.57305908203125,1.4180065139993063,4.600217700534988
1622602412.744,115.49699997901917,115.5,0.04927852749824524,-0.06307106465101242,0.8672322630882263,356.46636962890625,351.5201416015625,121.18482208251953,6.221511822655532,6.135183858023959,2.1150741487834974,81.52014160156251,238.81517791748044,1.4227948776392694,4.168111158396089
1622602413.244,115.99699997901917,116.0,0.06216874346137047,-0.03278561308979988,0.932141125202179,359.0188903808594,351.9989318847656,138.34820556640625,6.2660617140025945,6.14354032489241,2.4146317013597356,81.99893188476564,221.65179443359375,1.43115134450772,3.8685536058198506
1622602413.744,116.49699997901917,116.5,-0.07546829432249069,0.016747089102864265,-0.9856312870979309,359.400146484375,351.15289306640625,162.7190399169922,6.272715888302267,6.128774161912356,2.839983002235594,81.15289306640628,197.2809600830078,1.4163851815276667,3.443202304943992
1622602414.244,116.99699997901917,117.0,-0.08403503149747849,0.0074554369784891605,-0.9891425967216492,357.9681091308594,350.53466796875,194.04029846191406,6.247722121471873,6.117984098439791,3.3866420897128893,80.53466796875001,165.95970153808594,1.4055951180551016,2.896543217466697
1622602414.744,117.49699997901917,117.5,-0.07315696030855179,0.0016323350137099624,-0.9152079820632935,356.4733581542969,352.37933349609375,227.05987548828125,6.221633795433457,6.150179585489977,3.9629424264388753,82.37933349609376,132.94012451171875,1.4377906051052873,2.320242880740711
1622602415.244,117.99699997901917,118.0,-0.08517861366271973,0.013261513784527779,-0.8255655765533447,353.23260498046875,352.7701721191406,248.50735473632812,6.1650719823057,6.157001006306106,4.33727155557045,82.77017211914064,111.49264526367189,1.4446120259214164,1.9459137516091358
1622602415.744,118.49699997901917,118.5,-0.08189722895622253,-0.0022299070842564106,-0.7720433473587036,354.2242431640625,352.57275390625,258.82904052734375,6.182379333597907,6.153555408487762,4.517418956979989,82.57275390625003,101.17095947265625,1.441166428103072,1.7657663501995975
1622602416.243,118.99600005149841,119.0,-0.23423004150390625,-0.11868523061275482,-0.8086410164833069,356.3712158203125,329.7496032714844,247.11187744140625,6.219851075399758,5.755216284232468,4.31291588213724,59.749603271484396,112.88812255859375,1.042827303847778,1.9702694250423463
1622602416.744,119.49699997901917,119.5,-0.2732374966144562,-0.10891093313694,-0.8879774212837219,0.016050081700086594,325.7876281738281,223.4117431640625,0.00028012677088060014,5.686066773896342,3.8992705058328245,55.787628173828125,136.5882568359375,0.9736777935116523,2.3839148013467617
1622602417.243,119.99600005149841,120.0,-0.2193766087293625,-0.05846019461750984,-0.9696028828620911,4.674037456512451,334.1456298828125,189.6791229248047,0.08157734297768356,5.831941422605432,3.3105252173328985,64.14562988281249,170.3208770751953,1.1195524422207423,2.9726600898466877
1622602417.743,120.49600005149841,120.5,-0.17694297432899475,-0.04977566376328468,-0.9749263525009155,8.625576972961426,340.57781982421875,163.85919189453125,0.1505447180623828,5.944204315196632,2.8598824082167753,70.57781982421875,196.14080810546875,1.2318153348119427,3.423302898962811
1622602418.243,120.99600005149841,121.0,0.106084905564785,0.01946493238210678,0.8986403346061707,7.30463981628418,349.97308349609375,128.71298217773438,0.12749001546643265,6.108182600363864,2.246465329062246,79.97308349609378,231.2870178222656,1.395793619979174,4.03671997811734
1622602418.742,121.49500012397766,121.5,0.0586283802986145,0.012194396927952766,0.851838231086731,4.709570407867432,354.9978942871094,116.95435333251953,0.08219750997177894,6.195882092956827,2.0412385401932682,84.9978942871094,243.0456466674805,1.4834931125721376,4.2419467669863185
1622602419.243,121.99600005149841,122.0,0.05392053350806236,0.013646659441292286,0.7655695676803589,5.175469398498535,356.26934814453125,99.95835876464844,0.09032898134000991,6.218073149056021,1.7446024753328468,86.26934814453126,260.04164123535156,1.5056841686713316,4.538582831846739
1622602419.742,122.49500012397766,122.5,0.0619342066347599,-0.01991746388375759,0.6527237296104431,3.8941500186920166,353.6316833496094,81.48760223388672,0.06796573939277442,6.172037213820693,1.4222269585368097,83.63168334960938,278.5123977661133,1.4596482334360035,4.860958348642777
1622602420.242,122.99500012397766,123.0,0.035898562520742416,-0.027162127196788788,0.545156717300415,1.753389596939087,355.14599609375,66.07206726074219,0.030602421536803356,6.198466957110858,1.1531751172991018,85.14599609375001,293.9279327392578,1.4860779767261683,5.130010189880484
1622602420.742,123.49500012397766,123.5,0.05536274239420891,-0.038082487881183624,0.43859970569610596,3.8001413345336914,353.2913513183594,51.93305587768555,0.0663249783287442,6.16609729932538,0.9064028156878063,83.29135131835936,308.06694412231445,1.4537083189406905,5.37678249149178
1622602421.242,123.99500012397766,124.0,0.05842845141887665,-0.05390671268105507,0.31390559673309326,4.442928791046143,352.02813720703125,36.40008544921875,0.07754373583540634,6.14405005392505,0.6353013390961464,82.02813720703124,323.59991455078125,1.4316610735403605,5.647883968083439
1622602421.741,124.49399995803833,124.5,0.05250542610883713,-0.23734141886234283,0.18491142988204956,0.7938674092292786,331.87353515625,21.780134201049805,0.01385560011532813,5.792285888709716,0.3801350533345437,61.87353515624999,338.2198657989502,1.0798969083250265,5.903050253845042
1622602422.242,124.99500012397766,125.0,0.07019989937543869,-0.5245012640953064,0.15372781455516815,354.2755432128906,296.2408447265625,24.438413619995117,6.183274688356391,5.170378119367797,0.4265307816331411,26.24084472656253,335.5615863800049,0.4579891389831072,5.856654525546445
1622602422.741,125.49399995803833,125.5,0.12379195541143417,-0.5507501363754272,0.16343405842781067,3.202965497970581,291.30096435546875,20.650373458862305,0.0559022937673664,5.084160942237571,0.36041700862359705,21.300964355468757,339.3496265411377,0.37177196185288164,5.922768298555989
1622602423.242,125.99500012397766,126.0,0.1797257959842682,-0.5419777631759644,0.2768784165382385,356.32904052734375,290.4037170410156,41.97242736816406,6.21911497767446,5.0685010223956874,0.7325570526286411,20.40371704101564,318.02757263183594,0.3561120420109978,5.550628254550945
1622602423.741,126.49399995803833,126.5,0.1419326663017273,-0.302005797624588,0.48034733533859253,355.5943298339844,321.2238464355469,62.819427490234375,6.206291857025729,5.606413756220944,1.0964058439224278,51.223846435546896,297.1805725097656,0.8940247758362547,5.186779463257158
1622602424.241,126.99399995803833,127.0,0.06326368451118469,-0.17221030592918396,0.6128303408622742,353.0423278808594,339.98480224609375,78.36065673828125,6.1617510204263715,5.933854205936148,1.3676514641080884,69.98480224609374,281.63934326171875,1.2214652255514586,4.915533843071498
1622602424.741,127.49399995803833,127.5,0.04828232526779175,-0.07536447793245316,0.7501910924911499,357.1019592285156,350.14300537109375,97.9891128540039,6.232604953860148,6.111148296553775,1.7102326504106657,80.14300537109374,262.0108871459961,1.3987593161690857,4.572952656768921
1622602425.241,127.99399995803833,128.0,0.029817307367920876,-0.0930732935667038,0.8317520022392273,352.8964538574219,351.2962341308594,113.92992401123047,6.159205038424256,6.131275935440376,1.9884522905429167,81.29623413085938,246.07007598876953,1.4188869550556866,4.29473301663667
1622602425.74,128.49300003051758,128.5,0.06190265342593193,-0.07046083360910416,0.8747852444648743,356.2479248046875,349.90447998046875,123.29345703125,6.217699241238974,6.106985243137764,2.151876771361466,79.90447998046876,236.70654296874997,1.3945962627530744,4.13130853581812
1622602426.24,128.99300003051758,129.0,0.04602961987257004,-0.06486484408378601,0.8584827184677124,356.24908447265625,351.6767883300781,119.17871856689453,6.217719481263258,6.137917859199034,2.0800610373000077,81.67678833007815,240.82128143310547,1.4255288788143448,4.203124269879579
1622602426.74,129.49300003051758,129.5,0.03871028497815132,-0.0548391118645668,0.8210291266441345,357.333251953125,352.7762756347656,110.91769409179688,6.23664177344049,6.157107532749709,1.935878960621717,82.77627563476564,249.08230590820312,1.4447185523650194,4.347306346557869
1622602427.24,129.99300003051758,130.0,0.06382186710834503,-0.05285359546542168,0.7320799827575684,0.5182651281356812,350.50738525390625,94.50492095947266,0.009045432884237937,6.117507925236885,1.6494220300797964,80.50738525390626,265.49507904052734,1.4051189448521955,4.63376327709979
1622602427.74,130.49300003051758,130.5,0.0848945826292038,-0.0702105164527893,0.3399290442466736,6.481207847595215,349.1133728027344,39.380611419677734,0.11311841644663136,6.093177818150139,0.687321330721855,79.11337280273436,320.61938858032227,1.380788837765449,5.595863976457731
1622602428.24,130.99300003051758,131.0,0.14027944207191467,-0.066158227622509,-0.021127112209796906,16.385574340820312,352.8332214355469,356.5160217285156,0.285982222077614,6.158101424468526,6.222378415274243,82.83322143554686,3.4839782714843532,1.4457124440838367,0.06080689190534283
1622602428.74,131.49300003051758,131.5,0.17250791192054749,-0.04358331859111786,-0.09714041650295258,20.290861129760742,357.0283508300781,348.1376953125,0.3541423347792613,6.231320244950293,6.076149033507955,87.02835083007812,11.862304687499973,1.5189312645656035,0.20703627367163158
1622602429.24,131.99300003051758,132.0,0.1443537324666977,-0.054492708295583725,0.01693033054471016,16.569316864013672,353.53753662109375,1.0217010974884033,0.28918913408326014,6.170394043428114,0.017832048122412205,83.53753662109375,358.9782989025116,1.4580050630434247,6.265353259057174
1622602429.739,132.49200010299683,132.5,0.10573898255825043,-0.09459545463323593,0.27144020795822144,8.880705833435059,346.2608337402344,30.75835418701172,0.1549975566945089,6.043391619467761,0.5368345530579381,76.26083374023436,329.2416458129883,1.3310026390830716,5.746350754121648
1622602430.239,132.99200010299683,133.0,0.1086292564868927,-0.12036723643541336,0.3364161252975464,7.251523971557617,342.7580871582031,38.765907287597656,0.12656296909097606,5.982257158748339,0.6765927196914434,72.75808715820312,321.23409271240234,1.269868178363649,5.606592587488143
1622602430.739,133.49200010299683,133.5,0.1213860958814621,-0.1312415599822998,0.4663114845752716,5.366360187530518,340.0856628417969,55.63877487182617,0.09366065412034788,5.935614555416691,0.9710798132892527,70.08566284179686,304.3612251281738,1.223225575032001,5.312105493890334
1622602431.239,133.99200010299683,134.0,0.13500191271305084,-0.12626753747463226,0.596325695514679,3.7047693729400635,339.0052185058594,74.02772521972656,0.06466042358484983,5.916757244370058,1.2920275428458712,69.00521850585939,285.97227478027344,1.2043682639853683,4.991157764333715
1622602431.739,134.49200010299683,134.5,0.1306077092885971,-0.12147268652915955,0.6875089406967163,1.030941367149353,339.4757080078125,88.4610595703125,0.01799332125176792,5.924968835275208,1.5439367493047935,69.47570800781249,271.5389404296875,1.2125798548905182,4.7392485578747925
1622602432.239,134.99200010299683,135.0,0.1291503757238388,-0.09665153920650482,0.7528581023216248,1.1660102605819702,341.4693298339844,99.24174499511719,0.020350718159192434,5.95976410018153,1.7320952055893988,71.46932983398439,260.7582550048828,1.24737511979684,4.551090101590187
1622602432.739,135.49200010299683,135.5,0.14440174400806427,-0.07327638566493988,0.8015622496604919,2.9454236030578613,341.5881652832031,108.1616439819336,0.0514073397393142,5.961838170038483,1.8877768118546514,71.58816528320312,251.83835601806638,1.2494491896537934,4.395408495324935
1622602433.238,135.9909999370575,136.0,0.14100560545921326,-0.06665058434009552,0.8343693017959595,2.279629945755005,342.1951904296875,114.92382049560547,0.039787048280484565,5.972432757487036,2.005799056619257,72.1951904296875,245.07617950439456,1.2600437771023465,4.27738625056033
1622602433.738,136.4909999370575,136.5,0.126456156373024,-0.0492045059800148,0.8472150564193726,2.765714645385742,344.6439208984375,117.17394256591797,0.048270826732608595,6.015171166660628,2.0450710953180016,74.6439208984375,242.82605743408203,1.3027821862759383,4.238114211861585
1622602434.238,136.9909999370575,137.0,0.1338939368724823,-0.05610627308487892,0.8192657232284546,3.382835626602173,343.6420593261719,111.30905151367188,0.059041619737973394,5.997685383575385,1.9427094361855524,73.64205932617186,248.69094848632812,1.2852964031906957,4.340475870994034
1622602434.738,137.4909999370575,137.5,0.11856810003519058,-0.06786428391933441,0.7941038012504578,1.9428774118423462,344.4134826660156,106.30418395996094,0.03390960779927481,6.01114926078239,1.8553580187470622,74.41348266601561,253.69581604003906,1.2987602803977003,4.427827288432524
1622602435.237,137.99000000953674,138.0,0.10451646894216537,-0.09039993584156036,0.6284423470497131,2.761286735534668,344.3497619628906,78.3907241821289,0.04819354512672586,6.0100371247111735,1.3681762400008886,74.34976196289064,281.6092758178711,1.2976481443264838,4.915009067178698
1622602435.737,138.49000000953674,138.5,0.08777789771556854,-0.06029985100030899,0.49459272623062134,5.365057945251465,348.997314453125,59.14200210571289,0.09363792570491974,6.091152217825025,1.0322226629661093,78.99731445312501,300.8579978942871,1.3787632374403351,5.250962644213477
1622602436.237,138.99000000953674,139.0,0.08807359635829926,-0.05889568477869034,0.4879131615161896,5.55931282043457,349.1636962890625,58.242218017578125,0.09702831286491555,6.094056128677647,1.016518468071103,79.16369628906251,301.7577819824219,1.3816671482929577,5.266666839108483
1622602436.737,139.49000000953674,139.5,0.08302055299282074,-0.06677191704511642,0.537345826625824,3.930701732635498,348.40777587890625,65.02555847167969,0.06860368714833529,6.080862828637395,1.1349100932789025,78.40777587890628,294.9744415283203,1.3684738482527052,5.148275213900684
1622602437.237,139.99000000953674,140.0,0.08653749525547028,-0.0585545115172863,0.636776328086853,3.37269926071167,348.48211669921875,79.28531646728516,0.05886470677899727,6.082160320720481,1.383789820839805,78.48211669921876,280.71468353271484,1.3697713403357916,4.899395486339781
1622602437.737,140.49000000953674,140.5,0.08574708551168442,-0.05371522530913353,0.6482781171798706,3.49202299118042,348.9159851074219,80.98912811279297,0.060947298751439234,6.089732752964013,1.4135269438877387,78.91598510742189,279.01087188720703,1.377343772579323,4.8696583632918475
1622602438.237,140.99000000953674,141.0,0.08539990335702896,-0.05174936354160309,0.6503326296806335,3.5798251628875732,349.10455322265625,81.28555297851562,0.06247973573813047,6.0930238874391325,1.4187005337793812,79.10455322265626,278.7144470214844,1.3806349070544428,4.864484773400205
1622602438.737,141.49000000953674,141.5,0.0858481377363205,-0.05729709565639496,0.6794158220291138,2.741997003555298,348.4688415527344,85.89015197753906,0.04785687579185861,6.081928625705644,1.4990659470463754,78.46884155273438,274.10984802246094,1.3695396453209545,4.784119360133211
1622602439.25,142.00300002098083,142.0,0.08056391775608063,-0.0804884135723114,0.7315040826797485,359.44500732421875,346.9333801269531,94.89691925048828,6.27349885766275,6.055129768288395,1.65626369092021,76.93338012695311,265.1030807495117,1.342740787903705,4.626921616259376
1622602439.75,142.50300002098083,142.5,0.06579820811748505,-0.1042148545384407,0.8778443932533264,352.8248596191406,347.76123046875,125.17214965820312,6.157955483240791,6.069578482466511,2.184666143334739,77.76123046875003,234.82785034179685,1.3571895020818214,4.098519163844847
1622602440.25,143.00300002098083,143.0,0.07910340279340744,-0.08149109780788422,0.9323177933692932,354.277099609375,348.2607421875,140.15438842773438,6.18330185259951,6.078296606610994,2.4461555391830037,78.26074218750001,219.84561157226562,1.3659076262263046,3.8370297679965826
1622602440.75,143.50300002098083,143.5,-0.08333918452262878,0.08342335373163223,-0.9703605771064758,352.5723571777344,348.6423645019531,156.21102905273438,6.153548484268927,6.084957172497282,2.726396784898734,78.64236450195314,203.78897094726562,1.3725681921125927,3.5567885222808524
1622602441.249,144.00200009346008,144.0,-0.09414290636777878,0.0853850245475769,-0.969541072845459,352.5729064941406,347.3905029296875,156.4500274658203,6.153558071648852,6.063108066282054,2.730568094114125,77.3905029296875,203.5499725341797,1.3507190858973646,3.5526172130654614
1622602441.749,144.50200009346008,144.5,-0.0912143737077713,0.08866618573665619,-0.9463748335838318,353.30145263671875,346.97894287109375,145.9215545654297,6.166273600589544,6.055924988189893,2.5468115767953114,76.97894287109376,214.0784454345703,1.343536007805203,3.736373730384275
1622602442.249,145.00200009346008,145.0,0.0758252665400505,-0.09246481955051422,0.9275367856025696,353.0837707519531,348.1036376953125,138.93296813964844,6.1624743349784366,6.075554615952648,2.4248377336052465,78.10363769531249,221.06703186035153,1.3631656355679587,3.8583475735743398
1622602442.749,145.50200009346008,145.5,0.09896168112754822,-0.08025457710027695,0.8890142440795898,356.7081604003906,345.7266845703125,127.76912689208984,6.225731867718871,6.034068957755831,2.2299919466653972,75.72668457031253,232.23087310791018,1.321679977371141,4.053193360514189
1622602443.249,146.00200009346008,146.0,0.09734389185905457,-0.06783930212259293,0.7877109050750732,0.6376015543937683,346.38616943359375,104.9166488647461,0.011128246440004975,6.045579139987153,1.8311409628485902,76.38616943359375,255.08335113525393,1.333190159602463,4.4520443443309965
1622602443.749,146.50200009346008,146.5,0.0817994624376297,-0.0686408057808876,0.663124680519104,1.7682710886001587,347.86639404296875,83.47440338134766,0.030862152563897138,6.071413933089794,1.4569031801424044,77.86639404296876,276.52559661865234,1.359024952705104,4.826282127037182
1622602444.248,147.00099992752075,147.0,0.07271455228328705,-0.07290257513523102,0.6121962070465088,1.448548436164856,348.26776123046875,75.82296752929688,0.025281939585691637,6.0784191120211375,1.3233604320189805,78.26776123046874,284.1770324707031,1.3660301316364478,4.9598248751606056
1622602444.748,147.50099992752075,147.5,0.06113263964653015,-0.07607027143239975,0.48542389273643494,1.8901824951171875,348.957763671875,58.203155517578125,0.03298990800335656,6.090461926470476,1.0158366988320426,78.95776367187499,301.7968444824219,1.3780729460857861,5.267348608347543
1622602445.248,148.00099992752075,148.0,0.035244133323431015,-0.0841599553823471,0.3144376873970032,0.7968538999557495,349.5599365234375,36.73997116088867,0.013907724211585325,6.100971825396365,0.6412334638452707,79.55993652343751,323.2600288391113,1.3885828450116753,5.641951843334316
1622602445.748,148.50099992752075,148.5,0.01313328929245472,-0.07880574464797974,0.42783933877944946,357.4605712890625,351.191162109375,51.03067398071289,6.2388639150540515,6.129442082713748,0.8906532804752413,81.191162109375,308.9693260192871,1.4170531023290582,5.392532026704345
1622602446.248,149.00099992752075,149.0,0.0289890319108963,-0.08275531232357025,0.5771821141242981,357.1824951171875,350.3376770019531,71.05683898925781,6.234010570283491,6.114545957472499,1.2401757964220286,80.33767700195315,288.9431610107422,1.4021569770878095,5.043009510757558
1622602446.748,149.50099992752075,149.5,0.028917156159877777,-0.029292158782482147,0.6165686845779419,0.5374919772148132,355.3125915527344,76.18612670898438,0.009381004705452832,6.201374596389006,1.329698755413369,85.31259155273438,283.8138732910156,1.4889856160043164,4.953486551766217
1622602447.248,150.00099992752075,150.0,0.014730419032275677,0.006856580730527639,0.765247642993927,1.6879314184188843,359.2138671875,99.86445617675781,0.02945996079926759,6.269464701243498,1.742963565998012,89.2138671875,260.1355438232422,1.5570757208588084,4.540221741181574
1622602447.747,150.5,150.5,0.0178674403578043,0.04153772071003914,0.8819681406021118,5.16572904586792,0.4272337853908539,124.00062561035156,0.09015898011630039,0.007456636230829249,2.164219191433438,90.42723378539085,235.99937438964844,1.5782529630257258,4.118966115746148
1622602448.247,151.0,151.0,0.02959827333688736,0.02580527774989605,0.9361692667007446,3.959124803543091,357.8573303222656,138.99786376953125,0.06909976331920059,6.245788666520475,2.425970376016857,87.85733032226561,221.00213623046872,1.5333996861357857,3.857214931162729
1622602448.747,151.5,151.5,-0.03541301190853119,-0.05117640644311905,-0.947234570980072,6.851443767547607,357.99969482421875,143.1522979736328,0.11958025225895076,6.248273395817519,2.4984789314358995,87.99969482421875,216.8477020263672,1.5358844154328297,3.7847063757436867
1622602449.247,152.0,152.0,-0.0002882314729504287,-0.042078740894794464,-0.971741259098053,4.699393272399902,1.0879335403442383,153.15916442871094,0.08201988544944906,0.018988022321885522,2.673131698884386,91.08793354034424,206.84083557128903,1.589784349116782,3.6100536082952
1622602449.747,152.5,152.5,-0.017506422474980354,-0.027828650549054146,-0.9855946898460388,3.479045867919922,358.55169677734375,160.8467559814453,0.060720805223106404,6.257907647376991,2.807305483028104,88.55169677734378,199.1532440185547,1.545518666992301,3.475879824151482
1622602450.247,153.0,153.0,-0.018025100231170654,-0.026848111301660538,-0.9874419569969177,3.3605153560638428,358.43597412109375,162.15325927734375,0.05865205752714365,6.255887906006274,2.8301082672296896,88.43597412109375,197.84674072265625,1.5434989256215843,3.4530770399498967
1622602450.746,153.49900007247925,153.5,-0.019117409363389015,-0.02157583087682724,-0.9889205098152161,2.7664737701416016,358.19329833984375,163.2029571533203,0.048284075959031746,6.251652414608612,2.8484289513166714,88.19329833984376,196.7970428466797,1.5392634342239226,3.434756355862915
1622602451.246,153.99900007247925,154.0,-0.017886625602841377,-0.016224317252635956,-0.9899479150772095,2.1276168823242188,358.229736328125,163.9412841796875,0.037133919817574364,6.252288377476923,2.8613151888832378,88.22973632812499,196.0587158203125,1.539899397092233,3.4218701182963485
1622602451.746,154.49900007247925,154.5,-0.021848110482096672,-0.012242373079061508,-0.9903556704521179,1.7321455478668213,357.7110900878906,164.2967529296875,0.030231642934037073,6.243236292931743,2.8675192889586865,87.71109008789061,195.7032470703125,1.5308473125470536,3.4156660182208998
1622602452.246,154.99900007247925,155.0,-0.02381839044392109,-0.007245273794978857,-0.990944504737854,1.1841543912887573,357.40399169921875,164.8045654296875,0.020667392979938075,6.237876414921851,2.8763822890664703,87.40399169921878,195.1954345703125,1.525487434537161,3.406803018113116
1622602452.746,155.49900007247925,155.5,-0.04878900572657585,0.007894379086792469,-0.9841079711914062,0.06359337270259857,354.33453369140625,160.33250427246094,0.0011099137361082298,6.184304266433816,2.798330097522319,84.33453369140626,199.66749572753906,1.4719152860491267,3.484855209657267
1622602453.246,155.99900007247925,156.0,0.06540598720312119,-0.02343093790113926,0.8192543983459473,2.085716724395752,352.3083190917969,110.27778625488281,0.03640262410461701,6.148940150318654,1.9247104619582518,82.30831909179688,249.72221374511716,1.4365511699339644,4.358474845221334
1622602453.746,156.49900007247925,156.5,0.029238946735858917,-0.03741491958498955,0.6029603481292725,0.08344542980194092,354.5572509765625,74.25830841064453,0.0014563974957856687,6.188191416360896,1.2960519787271445,84.5572509765625,285.74169158935547,1.475802435976206,4.987133328452442
1622602454.245,156.99799990653992,157.0,0.06623569875955582,-0.03414519503712654,0.8685016632080078,0.324901282787323,351.458984375,121.10791778564453,0.0056705971285919655,6.134116463059055,2.1137319155940975,81.45898437499999,238.89208221435544,1.421727482674365,4.169453391585488
1622602454.745,157.49799990653992,157.5,-0.05885853245854378,0.013006575405597687,-0.9745322465896606,0.0043584913946688175,353.0884094238281,155.00587463378906,7.60700252568105e-05,6.162555295075575,2.705362872293179,83.08840942382811,204.9941253662109,1.4501663146908852,3.577822434886407
1622602455.246,157.99900007247925,158.0,-0.049111634492874146,0.04301771521568298,-0.9912400245666504,355.7312927246094,353.84375,167.01629638671875,6.208682310420183,6.175738475103685,2.914984276434951,83.84375,192.98370361328125,1.4633494947189956,3.3682010307446353
